student,retention,program,gpa,gpa_bucket
1,1,UP,2.0149293814056195,2
2,1,UP,3.4383231810219006,3
3,0,UP,2.6369698376380257,3
4,1,UP,3.612306135525839,4
5,0,UP,1.9768189387811623,2
6,1,UP,3.6534050045583593,4
7,0,UP,3.0406787920589586,3
8,0,UP,3.1706453865482738,3
9,1,UP,3.5970938618953516,4
10,0,UP,1.6930115187377026,2
11,1,UP,3.718336726424769,4
12,1,UP,1.9762011463724451,2
13,1,UP,2.994909141950813,3
14,1,UP,2.684966283572947,3
15,1,UP,2.5965724028156503,3
16,1,UP,2.949039370187672,3
17,0,UP,3.2490303981183897,3
18,0,UP,2.176931211133796,2
19,0,UP,2.5311757113622058,3
20,1,UP,2.357514635095707,2
21,0,UP,2.2963622169331295,2
22,1,UP,3.8441850616365913,4
23,1,UP,3.1950493877522765,3
24,1,UP,3.91927681044941,4
25,0,UP,3.2686777500695703,3
26,1,UP,3.200117022068815,3
27,1,UP,3.4549124154321236,3
28,1,UP,2.7178345114548312,3
29,0,UP,2.6722958518573376,3
30,1,UP,2.538095714059663,3
31,1,UP,3.362476885005964,3
32,1,UP,1.7685767597638062,2
33,1,UP,3.57716659588745,4
34,0,UP,3.3874992009218237,3
35,0,UP,3.0056828735741044,3
36,1,UP,3.7515629312210006,4
37,1,UP,3.213004401375994,3
38,1,UP,3.604654080230588,4
39,1,UP,2.512619289608275,3
40,0,UP,2.9227839417054513,3
41,1,UP,3.1322590466453066,3
42,0,UP,2.917609517495386,3
43,1,UP,3.446900594697962,3
44,1,UP,3.756496777244958,4
45,1,UP,3.278619994679629,3
46,1,UP,3.3639081579006045,3
47,0,UP,2.418852513273207,2
48,1,UP,2.9657401723470755,3
49,1,UP,3.3325156447082565,3
50,1,UP,3.2910422279981666,3
51,1,UP,2.937947608705008,3
52,1,UP,3.1749007173560213,3
53,0,UP,2.5535521997381085,3
54,0,UP,3.47304631935885,3
55,0,UP,3.1249635804538505,3
56,0,UP,3.013573642741976,3
57,0,UP,3.3537968585596696,3
58,1,UP,2.5741062781636215,3
59,1,UP,2.5459657622542977,3
60,1,UP,3.5187368094026557,4
61,1,UP,3.683596905517313,4
62,1,UP,3.838840690759643,4
63,1,UP,2.2594723819521705,2
64,1,UP,2.077881757133585,2
65,1,UP,2.2013433911094,2
66,1,UP,2.8515439676441288,3
67,1,UP,3.2739925078657546,3
68,1,UP,3.705308549875362,4
69,1,UP,3.1977105475735077,3
70,0,UP,2.066144905925848,2
71,1,UP,2.937116820836361,3
72,1,UP,2.5154450158991843,3
73,1,UP,1.7690724265799698,2
74,1,UP,3.962230587919655,4
75,1,UP,3.0741081653733753,3
76,1,UP,3.6413756200985596,4
77,0,UP,3.151822179455952,3
78,0,UP,2.433537755345118,2
79,1,UP,2.7984860222420207,3
80,1,UP,3.8948887871131848,4
81,1,UP,3.30485223648262,3
82,1,UP,3.98661062105426,4
83,1,UP,3.9023146288619133,4
84,1,UP,2.8845859459750693,3
85,0,UP,0.93160953291529,1
86,1,UP,2.527447256274069,3
87,0,UP,3.320221030274946,3
88,1,UP,3.888933411987245,4
89,0,UP,2.7910168816774172,3
90,1,UP,3.097093052078707,3
91,1,UP,2.345292949887301,2
92,1,UP,3.818116085183897,4
93,1,UP,1.8221383748545765,2
94,1,UP,3.646758282351839,4
95,1,UP,3.864295161386731,4
96,1,UP,3.0045318122989917,3
97,1,UP,3.3741940731909645,3
98,1,UP,2.9312427713231832,3
99,0,UP,1.4888507118965615,1
100,1,UP,3.7091337667568713,4
101,1,UP,2.9306997937473303,3
102,0,UP,2.2519972466086693,2
103,1,UP,3.190996912421437,3
104,1,UP,3.110750083048118,3
105,0,UP,3.122671378990475,3
106,1,UP,2.524217361194295,3
107,1,UP,3.4032791518143855,3
108,1,UP,3.665591625375043,4
109,1,UP,3.2759758683428357,3
110,1,UP,3.271074094413365,3
111,1,UP,3.6991123140616624,4
112,0,UP,3.418299211822656,3
113,0,UP,2.2499386691618337,2
114,1,UP,2.9706036529709166,3
115,1,UP,3.9274605954816058,4
116,1,UP,3.1851705081566277,3
117,0,UP,2.782585983946465,3
118,1,UP,3.509427384034174,4
119,1,UP,2.693488936081676,3
120,1,UP,3.2365817404258475,3
121,1,UP,3.7508017201737323,4
122,0,UP,2.588765988063157,3
123,0,UP,3.366626469488467,3
124,1,UP,3.7614439956562515,4
125,0,UP,2.8775197151526655,3
126,1,UP,3.503212392415602,4
127,1,UP,3.7317955576450355,4
128,0,UP,1.83144118526109,2
129,1,UP,3.8402699441926305,4
130,0,UP,2.8256830680024474,3
131,1,UP,3.2901072855634257,3
132,0,UP,1.764917228422103,2
133,0,UP,2.6844672678275256,3
134,0,UP,2.4835056771185653,2
135,0,UP,1.0389730553248566,1
136,1,UP,3.365440710548192,3
137,1,UP,2.770212776144518,3
138,1,UP,2.3319079785823513,2
139,1,UP,3.8300532507826808,4
140,1,UP,3.859876146065522,4
141,1,UP,3.56770582831924,4
142,1,UP,3.1249969773908584,3
143,1,UP,3.8923226180453936,4
144,0,UP,2.335251177295726,2
145,1,UP,2.9232557756980193,3
146,0,UP,1.9032044634519973,2
147,0,UP,2.1985760293509475,2
148,1,UP,2.992538971792439,3
149,1,UP,2.45225190465432,2
150,1,UP,3.9885139529626885,4
151,1,UP,2.811568990824565,3
152,0,UP,2.0375268963005975,2
153,1,UP,2.9503620577687144,3
154,1,UP,2.7566749684807714,3
155,1,UP,2.8892544482328524,3
156,1,UP,3.6572020111226275,4
157,1,UP,2.980444552085349,3
158,0,UP,2.447772344732737,2
159,1,UP,3.9123934050849982,4
160,0,UP,1.6557323149076333,2
161,1,UP,2.902487588436336,3
162,1,UP,3.945684276998751,4
163,1,UP,3.901393067439787,4
164,1,UP,3.7319111709374924,4
165,1,UP,3.308924266392871,3
166,1,UP,2.7433179671389665,3
167,1,UP,2.23915186135161,2
168,1,UP,2.627598981535455,3
169,1,UP,2.6507894523542217,3
170,0,UP,2.7949549466010373,3
171,0,UP,1.9281948311053712,2
172,1,UP,1.8887351651331041,2
173,1,UP,3.6794625090483333,4
174,1,UP,3.4488009724237836,3
175,1,UP,3.9937263234283633,4
176,1,UP,2.8220734864856105,3
177,1,UP,3.8760627342836536,4
178,1,UP,2.2123663814787737,2
179,1,UP,1.3611947457616802,1
180,1,UP,3.5346972449827834,4
181,1,UP,2.813700258510389,3
182,1,UP,3.440730913174645,3
183,1,UP,3.061590249041396,3
184,1,UP,2.8418846118909364,3
185,1,UP,3.955746846529727,4
186,1,UP,3.174529521440576,3
187,1,UP,2.168369948992151,2
188,0,UP,2.641755258675419,3
189,0,UP,2.0598522275187845,2
190,1,UP,2.3509011150407577,2
191,1,UP,3.690399552585063,4
192,1,UP,2.952426573749637,3
193,1,UP,3.1811392335689757,3
194,1,UP,1.7945564875323072,2
195,1,UP,3.474839685864258,3
196,0,UP,2.8780813006156203,3
197,1,UP,3.335097631015117,3
198,1,UP,3.4092522868921034,3
199,0,UP,1.6578417366209133,2
200,1,UP,3.7173000320794993,4
201,1,UP,2.3851315116634275,2
202,1,UP,3.0233503019930508,3
203,0,UP,3.2337617822428912,3
204,1,UP,3.367847720117289,3
205,1,UP,3.9131534619536974,4
206,1,UP,2.6625097727816325,3
207,0,UP,2.339717349120485,2
208,1,UP,2.3513327580061745,2
209,1,UP,2.580371800242414,3
210,1,UP,2.9122573611776104,3
211,1,UP,3.308914560769864,3
212,1,UP,3.707927349104315,4
213,1,UP,3.0251160258780736,3
214,1,UP,2.6121433208540283,3
215,0,UP,2.3836604780656785,2
216,0,UP,0.7749811627020589,1
217,1,UP,3.1701678907396147,3
218,1,UP,3.134082641061702,3
219,1,UP,3.7638167464027865,4
220,1,UP,3.5156862611131987,4
221,1,UP,2.4164213714243186,2
222,0,UP,2.822734009310422,3
223,0,UP,0.7402161472654334,1
224,1,UP,2.7118199602864803,3
225,1,UP,2.973421352326399,3
226,1,UP,2.9737945573020492,3
227,1,UP,3.5483032761615636,4
228,0,UP,0.52239784778057885,1
229,0,UP,3.256599912048453,3
230,1,UP,3.830197932424455,4
231,1,UP,3.042135106729953,3
232,1,UP,2.7138495639615696,3
233,0,UP,2.089991421861432,2
234,1,UP,3.3244299045807786,3
235,1,UP,1.1825307128466562,1
236,0,UP,1.9912099697808199,2
237,0,UP,3.4764377594321787,3
238,0,UP,1.6267909017364992,2
239,1,UP,3.1894719116666246,3
240,1,UP,3.0962123600284186,3
241,1,UP,2.788178137323153,3
242,1,UP,3.2595790492820997,3
243,1,UP,3.5213574410204624,4
244,1,UP,3.216579159420982,3
245,0,UP,3.1221698079950975,3
246,1,UP,3.9767919914533745,4
247,1,UP,3.5645094888601845,4
248,1,UP,2.5941886908231826,3
249,1,UP,2.444257741938608,2
250,0,UP,1.9473233041466618,2
251,1,UP,3.8941626823897075,4
252,1,UP,2.5691801869616526,3
253,0,UP,2.840355279192931,3
254,1,UP,3.6094101358623525,4
255,0,UP,3.122431802688589,3
256,0,UP,1.931747194684145,2
257,1,UP,3.8973230814431785,4
258,1,UP,3.546437596257194,4
259,1,UP,3.4868384058192894,3
260,1,UP,3.4689761558770007,3
261,1,UP,3.4185307700255114,3
262,1,UP,3.1295772370002033,3
263,1,UP,3.1676443425554366,3
264,1,UP,2.452101576696463,2
265,1,UP,3.673739678808087,4
266,1,UP,3.3303029647608233,3
267,1,UP,2.9553371047922434,3
268,1,UP,3.4387695439450097,3
269,0,UP,3.085435948036586,3
270,0,UP,2.701146528719368,3
271,0,UP,2.0106644889575307,2
272,1,UP,3.3561127373404815,3
273,1,UP,2.238070410833876,2
274,1,UP,2.4722587896069053,2
275,1,UP,3.693841101225392,4
276,1,UP,3.605472840973339,4
277,1,UP,3.796421920675468,4
278,1,UP,3.2250530076803985,3
279,1,UP,2.533957337884311,3
280,1,UP,2.6486515840659095,3
281,0,UP,1.7401937497643016,2
282,1,UP,0.9368883403576551,1
283,0,UP,2.4514239753609517,2
284,0,UP,1.3359463561687113,1
285,1,UP,1.3110257432885968,1
286,1,UP,3.4169552311343367,3
287,1,UP,3.1989698133146307,3
288,1,UP,3.8036565925611674,4
289,1,UP,3.6883650898582863,4
290,1,UP,3.4016304285831094,3
291,1,UP,2.7276855947909104,3
292,1,UP,3.3134008058918276,3
293,1,UP,2.7883527764252136,3
294,1,UP,2.371129875399307,2
295,1,UP,3.5623503068728857,4
296,1,UP,2.1283703331930575,2
297,1,UP,3.4930512396454296,3
298,1,UP,3.7070614927900354,4
299,1,UP,3.4095326130180172,3
300,1,UP,2.7046307658319297,3
301,1,UP,3.351012864426045,3
302,0,UP,2.6684586660035983,3
303,1,UP,3.9947610615857014,4
304,1,UP,3.727589915916637,4
305,1,UP,2.3558926619003357,2
306,1,UP,2.610040931853194,3
307,1,UP,3.5981606990222677,4
308,1,UP,3.2451887502082175,3
309,1,UP,2.484039399380167,2
310,1,UP,2.422559829591873,2
311,0,UP,1.5596863480785168,2
312,1,UP,3.3392584493764974,3
313,0,UP,3.28828350876397,3
314,1,UP,2.2513334289395495,2
315,1,UP,3.3482659842458693,3
316,1,UP,3.6622116915157004,4
317,0,UP,2.3911414539174993,2
318,1,UP,3.908012445731131,4
319,0,UP,3.2188848884115013,3
320,1,UP,2.193184156627563,2
321,1,UP,3.2077117999812375,3
322,1,UP,1.5421694822037884,2
323,1,UP,3.816123735590783,4
324,1,UP,3.5201148534091864,4
325,1,UP,3.05312855979004,3
326,1,UP,1.7422305343824729,2
327,1,UP,3.5725861681776467,4
328,1,UP,2.6577859343864154,3
329,1,UP,3.5715051474026813,4
330,1,UP,3.7291912619408767,4
331,0,UP,2.2608955145102034,2
332,0,UP,2.8818711466420197,3
333,0,UP,1.5482917578663402,2
334,1,UP,2.5357031193967536,3
335,0,UP,2.5888761101721594,3
336,1,UP,2.1891216440743517,2
337,0,UP,2.0175258589209593,2
338,0,UP,1.3522133319902276,1
339,1,UP,3.641443736669287,4
340,0,UP,2.750925270228531,3
341,0,UP,1.7345664442747466,2
342,0,UP,3.480617613803746,3
343,0,UP,2.334247632509231,2
344,1,UP,3.878422031122964,4
345,0,UP,1.644601674630028,2
346,0,UP,1.5275710984676787,2
347,1,UP,3.9047811519319344,4
348,1,UP,3.9386748381115346,4
349,1,UP,3.5870244897498296,4
350,1,UP,3.9348497465186374,4
351,0,UP,2.723568971387826,3
352,1,UP,1.9505355647665719,2
353,1,UP,3.9955578440713437,4
354,0,UP,1.6451568487816743,2
355,1,UP,3.227165426917517,3
356,1,UP,1.0893099618999798,1
357,1,UP,3.8352609617146443,4
358,1,UP,2.764690736468932,3
359,1,UP,2.8753798295883906,3
360,1,UP,3.735816445080204,4
361,1,UP,3.340836006736864,3
362,1,UP,3.5448511808686094,4
363,0,UP,3.460640210095786,3
364,1,UP,2.1829036000763598,2
365,1,UP,3.1544306303010323,3
366,1,UP,1.5487173933970488,2
367,1,UP,3.750149991269784,4
368,1,UP,3.485609103986884,3
369,1,UP,3.767641153876869,4
370,0,UP,2.9550554204787356,3
371,1,UP,2.6299251848473597,3
372,0,UP,0.20468647896879544,0
373,1,UP,2.4620059061065387,2
374,1,UP,3.742560596105185,4
375,1,UP,3.9853014599502097,4
376,1,UP,3.4633594195225963,3
377,0,UP,1.3213210463796115,1
378,1,UP,2.964655325265783,3
379,1,UP,3.929739972465368,4
380,1,UP,3.501706527988099,4
381,0,UP,1.8674510637775084,2
382,0,UP,3.2924616898559824,3
383,1,UP,2.9884893468695126,3
384,0,UP,3.1662064489754105,3
385,1,UP,3.6488901112453562,4
386,1,UP,3.388972882621605,3
387,1,UP,3.5755050802736785,4
388,1,UP,2.3668636184246443,2
389,1,UP,3.1996218010487842,3
390,0,UP,2.122923894751339,2
391,0,UP,3.099222711060864,3
392,1,UP,3.0600135363090653,3
393,0,UP,2.925773064090717,3
394,1,UP,3.3870106058071205,3
395,0,UP,3.224137861427737,3
396,1,UP,3.1784238462753867,3
397,1,UP,2.8109427906135274,3
398,1,UP,3.436271539837083,3
399,1,UP,2.629456965155766,3
400,1,UP,1.4211041576636665,1
401,1,UP,3.2846693595595458,3
402,1,UP,3.529236342047817,4
403,1,UP,3.667158940618986,4
404,1,UP,2.0070399921812507,2
405,1,UP,2.809606491650665,3
406,1,UP,3.832501420376033,4
407,1,UP,3.47325510528241,3
408,1,UP,3.0128481473149784,3
409,1,UP,2.0704534827470527,2
410,1,UP,3.744908950355486,4
411,1,UP,2.3899599319338005,2
412,1,UP,3.3891595508572494,3
413,1,UP,2.5348927499926615,3
414,1,UP,3.3565880501990235,3
415,1,UP,3.0910218804829896,3
416,0,UP,2.451189347052206,2
417,1,UP,3.8659280785908847,4
418,1,UP,3.8295467594324752,4
419,1,UP,3.4329235132706724,3
420,1,UP,2.8535325725405034,3
421,1,UP,1.967244669443303,2
422,1,UP,3.77183471154509,4
423,0,UP,2.3785456919856003,2
424,0,UP,1.3484574338727708,1
425,1,UP,3.291800456427396,3
426,0,UP,1.4305004748098002,1
427,0,UP,2.005164044593134,2
428,1,UP,2.430457545222021,2
429,1,UP,3.1563294516258655,3
430,1,UP,2.387738813238035,2
431,0,UP,3.1594139475146057,3
432,1,UP,2.8710893801019517,3
433,0,UP,1.473534136938693,1
434,1,UP,2.916924455330996,3
435,0,UP,2.8101382299514786,3
436,1,UP,3.028353894490913,3
437,0,UP,2.8680023737739573,3
438,1,UP,3.8237895744087598,4
439,1,UP,1.7518702958292078,2
440,1,UP,3.9378766767430333,4
441,1,UP,3.7476718904397344,4
442,1,UP,2.104651764366423,2
443,0,UP,2.025619207985275,2
444,0,UP,3.4968288646611745,3
445,0,UP,3.171223428640916,3
446,1,UP,2.853096028381396,3
447,0,UP,2.963327564150812,3
448,0,UP,3.3031723841085894,3
449,1,UP,2.8703320032639374,3
450,1,UP,2.8808833461030448,3
451,1,UP,3.468362467935755,3
452,1,UP,3.219157439784126,3
453,1,UP,2.779050593585718,3
454,0,UP,1.9214804494225532,2
455,1,UP,2.6400689242085003,3
456,1,UP,3.250640191180106,3
457,1,UP,3.770234638632341,4
458,1,UP,2.574589228245901,3
459,1,UP,1.942200134930874,2
460,1,UP,1.6500379891173513,2
461,1,UP,3.5569016140148895,4
462,0,UP,2.156946158073318,2
463,0,UP,3.0564263240591227,3
464,1,UP,3.341317842604125,3
465,0,UP,1.156909226148764,1
466,1,UP,3.0893046412235132,3
467,1,UP,2.9285728963910045,3
468,1,UP,3.1965636100434223,3
469,1,UP,3.705660857968771,4
470,0,UP,3.3423998245362876,3
471,1,UP,3.716593175802905,4
472,0,UP,2.209506785751675,2
473,1,UP,3.3210731695440816,3
474,1,UP,3.0455641833335925,3
475,0,UP,1.5457920150410451,2
476,1,UP,2.409503794541883,2
477,1,UP,2.6244859806660346,3
478,1,UP,3.833647385812494,4
479,1,UP,3.0435123938960995,3
480,0,UP,1.9340154686696691,2
481,1,UP,3.3772187876094053,3
482,1,UP,3.8867433161528027,4
483,1,UP,2.5576327580764513,3
484,1,UP,3.2018445558619146,3
485,0,UP,2.9964045257207044,3
486,1,UP,2.5787862701297453,3
487,1,UP,3.2294932013005195,3
488,0,UP,2.247993435069403,2
489,1,UP,3.710406066854009,4
490,1,UP,1.987946828620476,2
491,1,UP,3.720972983791306,4
492,0,UP,2.6606401995745754,3
493,1,UP,3.7004007198940587,4
494,1,UP,2.4790325128549533,2
495,1,UP,3.0906027293974154,3
496,0,UP,2.3930185021122155,2
497,1,UP,2.1744542155301723,2
498,1,UP,2.554833074064693,3
499,1,UP,3.6500872039632823,4
500,0,UP,3.2382261438819,3
501,0,UP,2.8789726087117318,3
502,0,UP,3.346024226508641,3
503,0,UP,3.318718265862875,3
504,1,UP,3.5657474527663537,4
505,1,UP,3.2271931989229317,3
506,1,UP,2.70419485281078,3
507,1,UP,2.5255476340285576,3
508,1,UP,3.230471891392518,3
509,1,UP,3.8900079946684447,4
510,1,UP,1.9671192731980789,2
511,1,UP,3.3455552356191736,3
512,1,UP,2.8511364874515674,3
513,1,UP,3.7212995241498854,4
514,1,UP,2.729283443528768,3
515,0,UP,3.227172697709078,3
516,1,UP,3.4897644240729675,3
517,1,UP,2.8347245036214193,3
518,1,UP,3.4997388247095107,3
519,1,UP,3.3113553357114114,3
520,1,UP,2.657495257548905,3
521,1,UP,3.9757797025321793,4
522,0,UP,3.1807342228295514,3
523,0,UP,2.203004382263897,2
524,1,UP,2.678276741413806,3
525,1,UP,3.8259425597532988,4
526,1,UP,2.4547651821943224,2
527,1,UP,2.0404686494187994,2
528,1,UP,2.9193562621299938,3
529,0,UP,2.081817341716039,2
530,1,UP,2.0598530902571106,2
531,0,UP,2.7318102059740563,3
532,0,UP,3.4778464725009046,3
533,1,UP,2.8038082879058526,3
534,1,UP,2.850692251528476,3
535,1,UP,3.349149046982982,3
536,1,UP,2.672732074811451,3
537,0,UP,2.742562220523468,3
538,1,UP,2.7433414608512123,3
539,1,UP,3.7276202227909274,4
540,1,UP,3.0130887316223336,3
541,1,UP,3.9874410384651195,4
542,0,UP,2.5466493519865487,3
543,0,UP,2.793755185490756,3
544,1,UP,3.85796455526065,4
545,1,UP,3.94202790884583,4
546,1,UP,3.5478317207186283,4
547,1,UP,2.1330494361768246,2
548,1,UP,3.8555434483683366,4
549,0,UP,2.3999955912310122,2
550,0,UP,2.99026508507026,3
551,1,UP,3.5232810629510007,4
552,1,UP,2.7725703894888722,3
553,1,UP,2.9612067785808796,3
554,0,UP,1.6665009202478378,2
555,1,UP,2.605226229005456,3
556,1,UP,2.510408170575712,3
557,1,UP,3.5844909307386796,4
558,1,UP,3.573443396470028,4
559,1,UP,3.9092981779807223,4
560,1,UP,3.176498116872509,3
561,1,UP,3.9066784979408054,4
562,1,UP,2.664661307371029,3
563,1,UP,2.817048152600717,3
564,0,UP,3.410406013212806,3
565,1,UP,3.7696713236145962,4
566,1,UP,3.243999052323728,3
567,1,UP,3.060043103609799,3
568,1,UP,2.6817107190330014,3
569,1,UP,3.0471452636058993,3
570,1,UP,2.340015326729787,2
571,0,UP,3.295411096805193,3
572,0,UP,2.772725821081818,3
573,1,UP,3.674915852430133,4
574,1,UP,2.2318405644415655,2
575,1,UP,1.9744395309130724,2
576,1,UP,2.7717823445274585,3
577,1,UP,2.695837218415913,3
578,0,UP,2.631111803469635,3
579,1,UP,3.1868262450162432,3
580,1,UP,3.2225477928092796,3
581,1,UP,2.056548475632254,2
582,1,UP,1.353781844377071,1
583,1,UP,3.5491646674151207,4
584,1,UP,3.5107301734628926,4
585,1,UP,3.019068737909222,3
586,1,UP,3.4138269032198134,3
587,1,UP,2.177347106829873,2
588,0,UP,3.0254533627260574,3
589,1,UP,3.104871953247623,3
590,0,UP,1.9497893274430014,2
591,1,UP,3.158027230733163,3
592,1,UP,3.896669246594109,4
593,1,UP,2.5052632129281998,3
594,1,UP,3.715052646532437,4
595,0,UP,2.379251325228893,2
596,1,UP,2.844749839764127,3
597,0,UP,2.951690294920093,3
598,1,UP,2.4731005745404446,2
599,0,UP,3.412302518186063,3
600,0,UP,1.233776412239315,1
601,1,UP,3.716688211261416,4
602,1,UP,3.247899339922181,3
603,1,UP,1.5500407018463962,2
604,1,UP,3.895420095323229,4
605,1,UP,2.59148640507358,3
606,1,UP,3.594421777478081,4
607,1,UP,1.9686792808828393,2
608,1,UP,3.2849066032792726,3
609,0,UP,2.81733881271724,3
610,0,UP,3.2429197419687474,3
611,1,UP,3.173343287122175,3
612,1,UP,3.7542614645329886,4
613,1,UP,3.3382029532861566,3
614,1,UP,2.9248564003211492,3
615,0,UP,2.981590760856529,3
616,1,UP,2.874485250486729,3
617,0,UP,3.2579747497767206,3
618,1,UP,2.729775184141333,3
619,1,UP,2.7295472736594015,3
620,0,UP,1.351039853582504,1
621,1,UP,1.8090972997991053,2
622,1,UP,3.1469141083504257,3
623,1,UP,2.7988343029570717,3
624,0,UP,2.1852706616507556,2
625,1,UP,3.7119737605189935,4
626,1,UP,3.3988982431567925,3
627,1,UP,1.7526929627229235,2
628,1,UP,3.0844627641749955,3
629,1,UP,3.776727975623097,4
630,1,UP,3.1868502086419257,3
631,1,UP,3.9833622896105765,4
632,0,UP,2.294600846497759,2
633,1,UP,1.8413254807411836,2
634,1,UP,3.1968677697187418,3
635,1,UP,3.6356048735329978,4
636,0,UP,3.3886981447959355,3
637,0,UP,3.4405391240600256,3
638,1,UP,3.804481643906174,4
639,0,UP,2.0488722435406546,2
640,1,UP,1.9498709207510596,2
641,1,UP,2.6127386531975714,3
642,1,UP,3.2048115316318486,3
643,0,UP,2.4382057721166177,2
644,1,UP,3.6322036096591743,4
645,0,UP,1.463006809695103,1
646,1,UP,3.9202461241021913,4
647,1,UP,2.553600699411616,3
648,1,UP,2.0252202138617177,2
649,1,UP,3.950932164242731,4
650,1,UP,3.1290482170440335,3
651,1,UP,3.5993048265886483,4
652,1,UP,3.9223741700627035,4
653,0,UP,1.190307557831051,1
654,1,UP,1.8640586044933944,2
655,0,UP,2.4517242758905127,2
656,1,UP,3.5986712367222933,4
657,1,UP,3.428285928221512,3
658,1,UP,1.6964741133711077,2
659,1,UP,3.1186744459285993,3
660,1,UP,3.839061459071594,4
661,1,UP,2.7891604667632484,3
662,1,UP,3.6669619430175535,4
663,1,UP,3.7325603407431696,4
664,1,UP,3.3010914372444806,3
665,1,UP,3.5095778055619773,4
666,0,UP,0.8856051599381938,1
667,1,UP,2.5240857039356146,3
668,1,UP,1.628018725383938,2
669,1,UP,3.4118782934073653,3
670,1,UP,2.8805539593130707,3
671,1,UP,3.034051780960005,3
672,0,UP,3.068699528687051,3
673,1,UP,2.6595528673292552,3
674,1,UP,2.864940297171599,3
675,0,UP,3.290388535518958,3
676,1,UP,2.5960383521511945,3
677,1,UP,3.305098808319089,3
678,1,UP,3.1165346512437657,3
679,0,UP,3.275737733938184,3
680,1,UP,3.985449517945319,4
681,1,UP,2.3661676303225305,2
682,1,UP,3.5222729509171407,4
683,1,UP,3.6284496603944687,4
684,1,UP,3.389469313491965,3
685,1,UP,3.2521028793324285,3
686,1,UP,3.7561150553138645,4
687,1,UP,3.7995629871487315,4
688,0,UP,1.9096467571696303,2
689,1,UP,3.7744598746301423,4
690,1,UP,3.7663945582412617,4
691,1,UP,2.81313643920015,3
692,0,UP,3.3031077392580297,3
693,1,UP,2.47029991880728,2
694,0,UP,1.8128604718035692,2
695,1,UP,3.2059963559484577,3
696,1,UP,3.338831750257215,3
697,0,UP,3.3615115408296927,3
698,1,UP,2.257783497499679,2
699,0,UP,2.1622990501386727,2
700,0,UP,2.1451111207989237,2
701,1,UP,3.1516693197854653,3
702,0,UP,1.6946061348076196,2
703,1,UP,2.663130964083942,3
704,1,UP,3.5117601746947864,4
705,1,UP,3.93207633621057,4
706,0,UP,1.5654836642406826,2
707,1,UP,2.5225023345144937,3
708,1,UP,3.2316299763239913,3
709,1,UP,2.4316118762426817,2
710,1,UP,2.9619127215174355,3
711,0,UP,1.936596574378239,2
712,0,UP,0.6049505066585952,1
713,0,UP,2.8009801977481996,3
714,1,UP,2.3429807172886923,2
715,0,UP,3.4854780833250554,3
716,1,UP,0.9703204232688756,1
717,1,UP,2.713693406913154,3
718,1,UP,3.843686359259311,4
719,0,UP,1.49507839006108,1
720,1,UP,3.7804212899000804,4
721,1,UP,2.8561357797330174,3
722,0,UP,3.182431148589231,3
723,1,UP,2.714984157458975,3
724,1,UP,3.807808323962708,4
725,1,UP,3.3252358115261345,3
726,1,UP,3.609446364483655,4
727,1,UP,3.5173295295258384,4
728,0,UP,3.0273809444776307,3
729,0,UP,1.5521460491751091,2
730,1,UP,3.941379749946524,4
731,1,UP,3.606749032246055,4
732,1,UP,3.733143094857236,4
733,0,UP,3.2911756605407105,3
734,1,UP,2.2845426021254216,2
735,1,UP,2.8805306974797387,3
736,1,UP,3.3434027325035522,3
737,0,UP,2.2538545821781772,2
738,1,UP,3.686388254189455,4
739,1,UP,2.8155991454995695,3
740,1,UP,3.7841961329267293,4
741,1,UP,3.302080438317459,3
742,1,UP,3.6861442728574705,4
743,1,UP,3.2493272761120293,3
744,1,UP,3.321569160386656,3
745,1,UP,3.969810521998103,4
746,0,UP,2.298570697286493,2
747,1,UP,3.58785433108691,4
748,1,UP,3.844951932828538,4
749,1,UP,2.579270481781651,3
750,1,UP,2.6407745802363514,3
751,1,UP,3.1564691708464894,3
752,0,UP,1.6172140699389075,2
753,0,UP,0.904324019327444,1
754,0,UP,2.7057829604922077,3
755,1,UP,3.021858245141194,3
756,1,UP,3.090597022078597,3
757,1,UP,3.4541795699209668,3
758,1,UP,2.6138175472086367,3
759,1,UP,3.5785374668973264,4
760,0,UP,1.7653121546885322,2
761,0,UP,2.787305444894442,3
762,1,UP,2.694104352992823,3
763,1,UP,3.4690058739960627,3
764,1,UP,3.953610463751767,4
765,1,UP,2.6930577928373345,3
766,0,UP,2.9070552921472115,3
767,1,UP,3.55278186565496,4
768,1,UP,3.872218107013167,4
769,1,UP,3.5339622976824145,4
770,0,UP,1.0687019833935678,1
771,0,UP,2.5711102975879347,3
772,1,UP,2.70758258168321,3
773,1,UP,3.822869017036094,4
774,1,UP,3.070650017896923,3
775,1,UP,3.134270434146827,3
776,0,UP,3.0936010653827415,3
777,1,UP,3.0708699608975962,3
778,0,UP,2.233881268797597,2
779,1,UP,2.3785220854038536,2
780,1,UP,3.0520147910653104,3
781,1,UP,3.6498418406240747,4
782,1,UP,3.5037185129710915,4
783,0,UP,2.093468454366172,2
784,0,UP,2.318599534623769,2
785,0,UP,2.5940410079832406,3
786,0,UP,0.9134489862811694,1
787,0,UP,2.474576032107254,2
788,1,UP,1.8522971048089338,2
789,1,UP,2.635783304994773,3
790,1,UP,3.5384152623343095,4
791,1,UP,2.7128856713633436,3
792,0,UP,1.58560738685591,2
793,1,UP,1.6844404814358707,2
794,0,UP,2.3508178083697584,2
795,1,UP,2.0638072566511827,2
796,1,UP,2.89708383779755,3
797,1,UP,3.3894224509263924,3
798,1,UP,2.0044509005080764,2
799,1,UP,3.469912122965103,3
800,1,UP,1.8512339262779514,2
801,1,non-UP,1.927025719383994,2
802,1,non-UP,2.8656906246113643,3
803,1,non-UP,3.3141748859587223,3
804,1,non-UP,1.8543675816457545,2
805,0,non-UP,1.5940600175159059,2
806,1,non-UP,2.7076105281887326,3
807,1,non-UP,3.518355450206961,4
808,1,non-UP,1.6285835882241626,2
809,1,non-UP,2.78259927393608,3
810,0,non-UP,1.77673802048787,2
811,0,non-UP,3.072225207739808,3
812,1,non-UP,3.4371384701948404,3
813,0,non-UP,2.4367468525645153,2
814,1,non-UP,1.9911232201573603,2
815,1,non-UP,1.4013456549802084,1
816,0,non-UP,1.877767673953188,2
817,0,non-UP,2.461508182058787,2
818,0,non-UP,0.19453363910464327,0
819,1,non-UP,1.985954860976289,2
820,0,non-UP,1.9772044959678965,2
821,0,non-UP,2.2662474192192708,2
822,1,non-UP,2.9273429540208684,3
823,1,non-UP,1.9682283533589575,2
824,1,non-UP,2.1626297671144745,2
825,1,non-UP,2.870233696880484,3
826,1,non-UP,3.3949857660140363,3
827,1,non-UP,2.9451870821729806,3
828,1,non-UP,2.577855877550001,3
829,0,non-UP,2.4592990430010957,2
830,1,non-UP,3.2325831176591286,3
831,0,non-UP,2.0319034112781957,2
832,0,non-UP,1.0044574820654881,1
833,1,non-UP,3.1049998336885674,3
834,0,non-UP,1.3197434053030408,1
835,1,non-UP,1.198132751484894,1
836,1,non-UP,2.2587099794382177,2
837,1,non-UP,3.8459844990250724,4
838,1,non-UP,2.749987638231072,3
839,1,non-UP,2.503570259626962,3
840,0,non-UP,3.4974181931946275,3
841,1,non-UP,2.1056245589660545,2
842,1,non-UP,2.60573634869909,3
843,0,non-UP,0.9275559838893015,1
844,1,non-UP,2.6661192062385575,3
845,1,non-UP,1.3612382397157679,1
846,0,non-UP,2.516493169829209,3
847,0,non-UP,1.5479063822510564,2
848,1,non-UP,2.6241789873850987,3
849,0,non-UP,1.3636873603570228,1
850,1,non-UP,2.153752117855655,2
851,0,non-UP,2.4535702022972656,2
852,0,non-UP,1.2781002042927982,1
853,1,non-UP,2.1382900637875766,2
854,1,non-UP,2.0216927680541894,2
855,0,non-UP,0.27756978497003226,0
856,0,non-UP,3.0981341587037483,3
857,1,non-UP,2.7613462028579687,3
858,1,non-UP,1.9238016975442827,2
859,1,non-UP,2.1291299999997193,2
860,0,non-UP,1.9412860882954006,2
861,1,non-UP,2.32858925915061,2
862,1,non-UP,3.079113155332812,3
863,0,non-UP,0.8693908258946967,1
864,0,non-UP,1.3587700519715564,1
865,1,non-UP,1.8502100272275022,2
866,0,non-UP,2.9779444456411213,3
867,0,non-UP,1.9200162224558341,2
868,1,non-UP,2.474366240678031,2
869,1,non-UP,2.534223813145027,3
870,1,non-UP,0.7842009779863344,1
871,0,non-UP,1.3541883250252578,1
872,1,non-UP,0.5654158312677651,1
873,0,non-UP,2.922154645830088,3
874,0,non-UP,1.9847823138263265,2
875,0,non-UP,2.933312067049702,3
876,1,non-UP,3.7052264253389904,4
877,0,non-UP,1.1541464559552557,1
878,0,non-UP,0.9835419873439697,1
879,0,non-UP,1.3495766971572798,1
880,0,non-UP,2.087241775942337,2
881,1,non-UP,3.1666824030118264,3
882,1,non-UP,3.7019299248657553,4
883,1,non-UP,3.9167827456592086,4
884,1,non-UP,2.623522023627887,3
885,0,non-UP,1.7792301938979909,2
886,0,non-UP,2.159625830063294,2
887,0,non-UP,1.5619735490250009,2
888,0,non-UP,2.216558621406673,2
889,0,non-UP,2.7665504047399794,3
890,1,non-UP,3.4546747170126797,3
891,1,non-UP,2.3287256299148837,2
892,0,non-UP,2.206960640765898,2
893,0,non-UP,2.037038520764854,2
894,1,non-UP,2.4492929473582983,2
895,0,non-UP,0.6766528197857735,1
896,0,non-UP,2.3883071660543838,2
897,0,non-UP,2.601877222614396,3
898,1,non-UP,2.9361151937532712,3
899,1,non-UP,3.015876869375226,3
900,1,non-UP,3.6482697479588966,4
901,1,non-UP,1.7575504826742843,2
902,1,non-UP,1.983412663415942,2
903,1,non-UP,2.011916272651314,2
904,1,non-UP,1.8852253995900066,2
905,0,non-UP,2.3970174335945567,2
906,0,non-UP,1.6518223467194786,2
907,1,non-UP,1.5630430273789346,2
908,0,non-UP,0.7351576212859678,1
909,1,non-UP,2.5546742955694373,3
910,0,non-UP,2.0966789737781797,2
911,1,non-UP,1.624502130463695,2
912,0,non-UP,0.7645349902047935,1
913,0,non-UP,3.0767656202810936,3
914,1,non-UP,2.7639724597346262,3
915,1,non-UP,2.7332036466737755,3
916,1,non-UP,1.876840844428236,2
917,0,non-UP,2.2012710344418673,2
918,1,non-UP,3.7635090875457076,4
919,0,non-UP,1.1463488925154994,1
920,1,non-UP,2.862387268160189,3
921,1,non-UP,2.4800596829753854,2
922,1,non-UP,3.950568833104865,4
923,1,non-UP,3.3418320968930932,3
924,1,non-UP,3.7205898335708962,4
925,1,non-UP,1.6057412959902762,2
926,1,non-UP,0.8345061452694944,1
927,0,non-UP,2.346012220531807,2
928,1,non-UP,3.579745286337089,4
929,0,non-UP,0.08402321270753577,0
930,0,non-UP,2.0255113597331005,2
931,1,non-UP,1.6076805405814962,2
932,1,non-UP,2.970450542806928,3
933,1,non-UP,2.5597783763235644,3
934,1,non-UP,1.271306964926081,1
935,1,non-UP,2.8257525732880295,3
936,1,non-UP,1.9311337658738927,2
937,1,non-UP,3.111525591027578,3
938,0,non-UP,1.5272451597687828,2
939,1,non-UP,3.3521422989972867,3
940,1,non-UP,3.679553990903475,4
941,1,non-UP,1.5384475754926334,2
942,0,non-UP,1.2023620453635797,1
943,0,non-UP,2.4475585632948853,2
944,1,non-UP,2.3718203976674945,2
945,1,non-UP,1.5249622992988647,2
946,0,non-UP,1.4684426630091525,1
947,0,non-UP,1.5087999702607515,2
948,1,non-UP,2.760272406010177,3
949,1,non-UP,2.183206692414499,2
950,1,non-UP,2.0419060766231873,2
951,1,non-UP,1.5358475221710197,2
952,1,non-UP,1.6028815479927219,2
953,0,non-UP,2.4668743411996172,2
954,0,non-UP,1.065952495722785,1
955,0,non-UP,3.0387948432440095,3
956,1,non-UP,2.4382603934995055,2
957,1,non-UP,3.7181101852071814,4
958,1,non-UP,3.013811169093636,3
959,1,non-UP,3.240386839676494,3
960,1,non-UP,3.8574203714626285,4
961,1,non-UP,2.4043376855968357,2
962,0,non-UP,2.1858763927722675,2
963,1,non-UP,2.343157027380632,2
964,0,non-UP,0.9401694206382687,1
965,1,non-UP,3.3464734010441894,3
966,0,non-UP,1.9267154626787755,2
967,0,non-UP,2.092228479541803,2
968,0,non-UP,0.3010354816911045,0
969,1,non-UP,1.828038637628495,2
970,0,non-UP,2.1532914988469285,2
971,0,non-UP,2.6199916345655043,3
972,0,non-UP,2.7264850517309047,3
973,0,non-UP,1.719444240562738,2
974,0,non-UP,2.4298966086079177,2
975,0,non-UP,0.990924388218156,1
976,1,non-UP,3.591710567615418,4
977,1,non-UP,3.16719539970043,3
978,0,non-UP,1.908872388068537,2
979,1,non-UP,3.566432353152237,4
980,1,non-UP,3.7322470974751627,4
981,0,non-UP,2.195957758005114,2
982,1,non-UP,1.5634727707775478,2
983,1,non-UP,1.66122483330905,2
984,1,non-UP,1.281268003120384,1
985,0,non-UP,3.41831618492878,3
986,1,non-UP,2.2436551582756277,2
987,0,non-UP,2.8937497890521957,3
988,0,non-UP,1.631892422994528,2
989,1,non-UP,1.564874785142323,2
990,1,non-UP,3.299559674207845,3
991,1,non-UP,3.0606872636125764,3
992,1,non-UP,3.9239358096020425,4
993,0,non-UP,2.366907647715651,2
994,0,non-UP,1.310444308413744,1
995,1,non-UP,2.6546527017758166,3
996,0,non-UP,2.3414236562510014,2
997,1,non-UP,2.077262169452199,2
998,1,non-UP,2.8256243820486833,3
999,1,non-UP,2.110742195224213,2
1000,1,non-UP,1.2353386725657016,1
