"store","weeks_to_xmas","avg_week_sales","is_on_sale","weekly_amount_sold"
1,3,12.98,1,212.08
1,2,12.98,1,186.12
1,1,12.98,1,160.16
1,0,12.98,0,84.2
2,3,19.92,0,98.85
2,2,19.92,0,59.01
2,1,19.92,0,19.17
2,0,19.92,0,0
3,3,18.54,0,93.37
3,2,18.54,0,56.29
3,1,18.54,0,19.21
3,0,18.54,0,0
4,3,20.52,1,129.99
4,2,20.52,0,38.95
4,1,20.52,1,47.91
4,0,20.52,0,0
5,3,17.27,0,154.16
5,2,17.27,0,119.62
5,1,17.27,0,85.08
5,0,17.27,0,50.54
6,3,20.07,1,65.41
6,2,20.07,0,0
6,1,20.07,0,0
6,0,20.07,0,0
7,3,28.18,1,324.5
7,2,28.18,0,218.14
7,1,28.18,1,211.78
7,0,28.18,1,155.42
8,3,20.55,0,95.79
8,2,20.55,0,54.69
8,1,20.55,0,13.59
8,0,20.55,0,0
9,3,22.9,1,216.25
9,2,22.9,0,120.45
9,1,22.9,1,124.65
9,0,22.9,0,28.85
10,3,16.49,0,92.96
10,2,16.49,0,59.98
10,1,16.49,1,77
10,0,16.49,0,0
11,3,20.48,1,256.47
11,2,20.48,1,215.51
11,1,20.48,0,124.55
11,0,20.48,0,83.59
12,3,25,1,111.99
12,2,25,1,61.99
12,1,25,0,0
12,0,25,0,0
13,3,20.24,0,115.56
13,2,20.24,1,125.08
13,1,20.24,0,34.6
13,0,20.24,0,0
14,3,28.55,1,220.65
14,2,28.55,1,163.55
14,1,28.55,1,106.45
14,0,28.55,1,49.35
15,3,26.05,1,279.04
15,2,26.05,1,226.94
15,1,26.05,1,174.84
15,0,26.05,1,122.74
16,3,17.11,1,104.78
16,2,17.11,0,20.56
16,1,17.11,0,0
16,0,17.11,0,0
17,3,27.77,1,225.77
17,2,27.77,1,170.23
17,1,27.77,1,114.69
17,0,27.77,1,59.15
18,3,16.3,1,110.21
18,2,16.3,0,27.61
18,1,16.3,1,45.01
18,0,16.3,0,0
19,3,18.57,0,122.1
19,2,18.57,1,134.96
19,1,18.57,0,47.82
19,0,18.57,0,10.68
20,3,21.41,0,169.01
20,2,21.41,1,176.19
20,1,21.41,0,83.37
20,0,21.41,0,40.55
21,3,22.86,1,144.99
21,2,22.86,1,99.27
21,1,22.86,0,3.55
21,0,22.86,1,7.83
22,3,18.14,0,174.22
22,2,18.14,0,137.94
22,1,18.14,0,101.66
22,0,18.14,1,115.38
23,3,17.84,0,159.96
23,2,17.84,1,174.28
23,1,17.84,1,138.6
23,0,17.84,0,52.92
24,3,16.6,1,181.32
24,2,16.6,0,98.12
24,1,16.6,0,64.92
24,0,16.6,1,81.72
25,3,11.35,0,114.49
25,2,11.35,1,141.79
25,1,11.35,1,119.09
25,0,11.35,0,46.39
26,3,13.05,1,97.16
26,2,13.05,0,21.06
26,1,13.05,0,0
26,0,13.05,0,0
27,3,26.07,0,166.35
27,2,26.07,1,164.21
27,1,26.07,0,62.07
27,0,26.07,1,59.93
28,3,14.98,0,48.07
28,2,14.98,1,68.11
28,1,14.98,1,38.15
28,0,14.98,0,0
29,3,24.5,1,198.11
29,2,24.5,1,149.11
29,1,24.5,1,100.11
29,0,24.5,1,51.11
30,3,13.82,1,163.26
30,2,13.82,0,85.62
30,1,13.82,0,57.98
30,0,13.82,0,30.34
31,3,18.7,1,136.32
31,2,18.7,0,48.92
31,1,18.7,0,11.52
31,0,18.7,1,24.12
32,3,26.93,1,208.67
32,2,26.93,1,154.81
32,1,26.93,0,50.95
32,0,26.93,1,47.09
33,3,23.7,1,171.54
33,2,23.7,0,74.14
33,1,23.7,1,76.74
33,0,23.7,1,29.34
34,3,19.05,1,131.09
34,2,19.05,0,42.99
34,1,19.05,1,54.89
34,0,19.05,0,0
35,3,13.26,1,99.26
35,2,13.26,0,22.74
35,1,13.26,1,46.22
35,0,13.26,0,0
36,3,42.96,1,340.09
36,2,42.96,1,254.17
36,1,42.96,1,168.25
36,0,42.96,1,82.33
37,3,22.69,1,142.96
37,2,22.69,0,47.58
37,1,22.69,1,52.2
37,0,22.69,1,6.82
38,3,20.15,0,142.77
38,2,20.15,1,152.47
38,1,20.15,0,62.17
38,0,20.15,1,71.87
39,3,17.7,1,246.89
39,2,17.7,0,161.49
39,1,17.7,0,126.09
39,0,17.7,0,90.69
40,3,22.66,1,235.72
40,2,22.66,0,140.4
40,1,22.66,1,145.08
40,0,22.66,1,99.76
41,3,20.3,1,172.51
41,2,20.3,1,131.91
41,1,20.3,1,91.31
41,0,20.3,0,0.71
42,3,22.03,1,149.83
42,2,22.03,1,105.77
42,1,22.03,0,11.71
42,0,22.03,1,17.65
43,3,21.37,0,102.23
43,2,21.37,1,109.49
43,1,21.37,0,16.75
43,0,21.37,0,0
44,3,19.02,1,257.76
44,2,19.02,1,219.72
44,1,19.02,1,181.68
44,0,19.02,0,93.64
45,3,18.86,1,174.56
45,2,18.86,1,136.84
45,1,18.86,1,99.12
45,0,18.86,0,11.4
46,3,24.96,1,182.87
46,2,24.96,1,132.95
46,1,24.96,0,33.03
46,0,24.96,1,33.11
47,3,15.13,1,155.46
47,2,15.13,1,125.2
47,1,15.13,1,94.94
47,0,15.13,0,14.68
48,3,19.37,1,280.6
48,2,19.37,1,241.86
48,1,19.37,1,203.12
48,0,19.37,1,164.38
49,3,25.28,1,222.97
49,2,25.28,1,172.41
49,1,25.28,1,121.85
49,0,25.28,1,71.29
50,3,19.54,0,157.64
50,2,19.54,1,168.56
50,1,19.54,0,79.48
50,0,19.54,0,40.4
51,3,20.3,1,197.11
51,2,20.3,0,106.51
51,1,20.3,0,65.91
51,0,20.3,0,25.31
52,3,10.49,0,45.82
52,2,10.49,0,24.84
52,1,10.49,0,3.86
52,0,10.49,0,0
53,3,17.14,1,102.85
53,2,17.14,0,18.57
53,1,17.14,0,0
53,0,17.14,0,0
54,3,18.33,0,100.84
54,2,18.33,1,114.18
54,1,18.33,0,27.52
54,0,18.33,0,0
55,3,22.02,1,183.7
55,2,22.02,0,89.66
55,1,22.02,0,45.62
55,0,22.02,1,51.58
56,3,28.27,1,267.22
56,2,28.27,1,210.68
56,1,28.27,0,104.14
56,0,28.27,1,97.6
57,3,22.75,1,241.2
57,2,22.75,1,195.7
57,1,22.75,1,150.2
57,0,22.75,1,104.7
58,3,24.37,1,257.15
58,2,24.37,1,208.41
58,1,24.37,1,159.67
58,0,24.37,1,110.93
59,3,15.28,0,111.24
59,2,15.28,1,130.68
59,1,15.28,0,50.12
59,0,15.28,0,19.56
60,3,21.95,0,187.91
60,2,21.95,1,194.01
60,1,21.95,1,150.11
60,0,21.95,1,106.21
61,3,13.87,1,99.37
61,2,13.87,0,21.63
61,1,13.87,0,0
61,0,13.87,0,0
62,3,17.46,1,224.86
62,2,17.46,0,139.94
62,1,17.46,1,155.02
62,0,17.46,0,70.1
63,3,14.27,0,115.54
63,2,14.27,1,137
63,1,14.27,1,108.46
63,0,14.27,0,29.92
64,3,26.94,1,213.68
64,2,26.94,1,159.8
64,1,26.94,1,105.92
64,0,26.94,1,52.04
65,3,23.36,1,227.95
65,2,23.36,1,181.23
65,1,23.36,0,84.51
65,0,23.36,0,37.79
66,3,16.86,1,154.24
66,2,16.86,0,70.52
66,1,16.86,0,36.8
66,0,16.86,0,3.08
67,3,25.62,0,225.92
67,2,25.62,1,224.68
67,1,25.62,1,173.44
67,0,25.62,1,122.2
68,3,15.35,1,223.44
68,2,15.35,1,192.74
68,1,15.35,0,112.04
68,0,15.35,0,81.34
69,3,21.46,1,299.5
69,2,21.46,1,256.58
69,1,21.46,1,213.66
69,0,21.46,0,120.74
70,3,12.64,0,8.66
70,2,12.64,0,0
70,1,12.64,0,0
70,0,12.64,0,0
71,3,23.86,0,84.81
71,2,23.86,1,87.09
71,1,23.86,1,39.37
71,0,23.86,1,0
72,3,20.52,0,108.42
72,2,20.52,1,117.38
72,1,20.52,0,26.34
72,0,20.52,0,0
73,3,23.15,0,160.05
73,2,23.15,0,113.75
73,1,23.15,1,117.45
73,0,23.15,0,21.15
74,3,13.7,0,129.71
74,2,13.7,0,102.31
74,1,13.7,1,124.91
74,0,13.7,0,47.51
75,3,19.49,0,142.21
75,2,19.49,0,103.23
75,1,19.49,1,114.25
75,0,19.49,0,25.27
76,3,18.67,1,69.58
76,2,18.67,1,32.24
76,1,18.67,0,0
76,0,18.67,0,0
77,3,17.15,0,94.74
77,2,17.15,1,110.44
77,1,17.15,0,26.14
77,0,17.15,0,0
78,3,22.02,1,235.54
78,2,22.02,0,141.5
78,1,22.02,1,147.46
78,0,22.02,0,53.42
79,3,24.37,1,222.09
79,2,24.37,1,173.35
79,1,24.37,1,124.61
79,0,24.37,1,75.87
80,3,24.81,1,251.77
80,2,24.81,1,202.15
80,1,24.81,0,102.53
80,0,24.81,0,52.91
81,3,15.41,0,86.75
81,2,15.41,0,55.93
81,1,15.41,0,25.11
81,0,15.41,0,0
82,3,23.1,1,191.66
82,2,23.1,0,95.46
82,1,23.1,0,49.26
82,0,23.1,1,53.06
83,3,17.49,1,171.76
83,2,17.49,1,136.78
83,1,17.49,1,101.8
83,0,17.49,1,66.82
84,3,18.94,1,193.08
84,2,18.94,1,155.2
84,1,18.94,1,117.32
84,0,18.94,1,79.44
85,3,27.51,1,242.48
85,2,27.51,1,187.46
85,1,27.51,1,132.44
85,0,27.51,1,77.42
86,3,25.52,0,174.59
86,2,25.52,1,173.55
86,1,25.52,1,122.51
86,0,25.52,1,71.47
87,3,24.8,1,180.07
87,2,24.8,0,80.47
87,1,24.8,1,80.87
87,0,24.8,1,31.27
88,3,19.85,0,147.83
88,2,19.85,0,108.13
88,1,19.85,1,118.43
88,0,19.85,0,28.73
89,3,19.2,0,130.49
89,2,19.2,1,142.09
89,1,19.2,0,53.69
89,0,19.2,0,15.29
90,3,9.7,0,114.37
90,2,9.7,1,144.97
90,1,9.7,0,75.57
90,0,9.7,0,56.17
91,3,22.9,1,260.25
91,2,22.9,1,214.45
91,1,22.9,1,168.65
91,0,22.9,0,72.85
92,3,17.62,1,172.6
92,2,17.62,1,137.36
92,1,17.62,1,102.12
92,0,17.62,0,16.88
93,3,15.37,1,128.83
93,2,15.37,0,48.09
93,1,15.37,0,17.35
93,0,15.37,0,0
94,3,21.1,0,105.76
94,2,21.1,0,63.56
94,1,21.1,1,71.36
94,0,21.1,1,29.16
95,3,21.54,1,211.95
95,2,21.54,1,168.87
95,1,21.54,0,75.79
95,0,21.54,0,32.71
96,3,23.73,1,209.98
96,2,23.73,1,162.52
96,1,23.73,1,115.06
96,0,23.73,0,17.6
97,3,21.11,0,120.58
97,2,21.11,1,128.36
97,1,21.11,1,86.14
97,0,21.11,0,0
98,3,19.58,1,179.24
98,2,19.58,0,90.08
98,1,19.58,1,100.92
98,0,19.58,1,61.76
99,3,21.48,0,109.36
99,2,21.48,1,116.4
99,1,21.48,0,23.44
99,0,21.48,0,0
100,3,15.57,1,183.89
100,2,15.57,1,152.75
100,1,15.57,0,71.61
100,0,15.57,1,90.47
101,3,29.47,1,223.93
101,2,29.47,1,164.99
101,1,29.47,1,106.05
101,0,29.47,1,47.11
102,3,14.12,0,150.07
102,2,14.12,1,171.83
102,1,14.12,1,143.59
102,0,14.12,0,65.35
103,3,23.19,0,172.5
103,2,23.19,1,176.12
103,1,23.19,0,79.74
103,0,23.19,1,83.36
104,3,20.3,0,161.78
104,2,20.3,1,171.18
104,1,20.3,1,130.58
104,0,20.3,0,39.98
105,3,15.84,1,96.13
105,2,15.84,1,64.45
105,1,15.84,0,0
105,0,15.84,0,0
106,3,18.87,0,130.56
106,2,18.87,1,142.82
106,1,18.87,1,105.08
106,0,18.87,0,17.34
107,3,18.5,1,206.53
107,2,18.5,0,119.53
107,1,18.5,0,82.53
107,0,18.5,1,95.53
108,3,19.09,1,125.94
108,2,19.09,0,37.76
108,1,19.09,0,0
108,0,19.09,0,0
109,3,14.88,1,130.85
109,2,14.88,1,101.09
109,1,14.88,0,21.33
109,0,14.88,0,0
110,3,17.7,1,165.53
110,2,17.7,1,130.13
110,1,17.7,0,44.73
110,0,17.7,0,9.33
111,3,19.4,0,57.14
111,2,19.4,1,68.34
111,1,19.4,0,0
111,0,19.4,0,0
112,3,26.82,1,243.5
112,2,26.82,1,189.86
112,1,26.82,1,136.22
112,0,26.82,1,82.58
113,3,14.27,0,132.2
113,2,14.27,0,103.66
113,1,14.27,0,75.12
113,0,14.27,0,46.58
114,3,26.03,1,179.23
114,2,26.03,1,127.17
114,1,26.03,1,75.11
114,0,26.03,0,0
115,3,17.15,1,177.58
115,2,17.15,0,93.28
115,1,17.15,0,58.98
115,0,17.15,0,24.68
116,3,11.11,0,2.16
116,2,11.11,1,29.94
116,1,11.11,0,0
116,0,11.11,0,0
117,3,20.97,0,134.86
117,2,20.97,0,92.92
117,1,20.97,1,100.98
117,0,20.97,0,9.04
118,3,27.09,1,148.84
118,2,27.09,1,94.66
118,1,27.09,1,40.48
118,0,27.09,1,0
119,3,21.08,0,193.63
119,2,21.08,1,201.47
119,1,21.08,1,159.31
119,0,21.08,0,67.15
120,3,18.82,0,142.19
120,2,18.82,0,104.55
120,1,18.82,1,116.91
120,0,18.82,1,79.27
121,3,24.17,1,207.96
121,2,24.17,0,109.62
121,1,24.17,1,111.28
121,0,24.17,1,62.94
122,3,17.52,0,73.88
122,2,17.52,1,88.84
122,1,17.52,0,3.8
122,0,17.52,1,18.76
123,3,19.75,1,241.94
123,2,19.75,1,202.44
123,1,19.75,0,112.94
123,0,19.75,1,123.44
124,3,20.15,1,279.41
124,2,20.15,1,239.11
124,1,20.15,0,148.81
124,0,20.15,0,108.51
125,3,19.8,1,85.7
125,2,19.8,0,0
125,1,19.8,0,0
125,0,19.8,1,0
126,3,24.27,0,221.7
126,2,24.27,1,223.16
126,1,24.27,1,174.62
126,0,24.27,0,76.08
127,3,23.06,0,232.8
127,2,23.06,1,236.68
127,1,23.06,1,190.56
127,0,23.06,0,94.44
128,3,18.03,0,133.11
128,2,18.03,1,147.05
128,1,18.03,0,60.99
128,0,18.03,0,24.93
129,3,15.5,1,88.54
129,2,15.5,0,7.54
129,1,15.5,0,0
129,0,15.5,0,0
130,3,9.96,1,152.89
130,2,9.96,1,132.97
130,1,9.96,1,113.05
130,0,9.96,0,43.13
131,3,14.76,0,84.27
131,2,14.76,0,54.75
131,1,14.76,0,25.23
131,0,14.76,0,0
132,3,13.54,0,54.58
132,2,13.54,0,27.5
132,1,13.54,0,0.42
132,0,13.54,0,0
133,3,17.07,1,97.99
133,2,17.07,0,13.85
133,1,17.07,0,0
133,0,17.07,0,0
134,3,22.12,1,222.37
134,2,22.12,1,178.13
134,1,22.12,0,83.89
134,0,22.12,0,39.65
135,3,19.68,0,167.4
135,2,19.68,1,178.04
135,1,19.68,0,88.68
135,0,19.68,0,49.32
136,3,27.3,0,149.92
136,2,27.3,0,95.32
136,1,27.3,1,90.72
136,0,27.3,1,36.12
137,3,19.67,1,203.72
137,2,19.67,0,114.38
137,1,19.67,1,125.04
137,0,19.67,0,35.7
138,3,25.98,1,164.64
138,2,25.98,1,112.68
138,1,25.98,1,60.72
138,0,25.98,1,8.76
139,3,17.78,1,204.55
139,2,17.78,0,118.99
139,1,17.78,1,133.43
139,0,17.78,1,97.87
140,3,15.74,0,102.51
140,2,15.74,1,121.03
140,1,15.74,0,39.55
140,0,15.74,0,8.07
141,3,16.71,1,147.64
141,2,16.71,0,64.22
141,1,16.71,0,30.8
141,0,16.71,0,0
142,3,27.31,1,226.08
142,2,27.31,1,171.46
142,1,27.31,0,66.84
142,0,27.31,1,62.22
143,3,15,0,138.44
143,2,15,0,108.44
143,1,15,1,128.44
143,0,15,0,48.44
144,3,15.22,0,134.06
144,2,15.22,1,153.62
144,1,15.22,0,73.18
144,0,15.22,0,42.74
145,3,28.21,0,213.94
145,2,28.21,1,207.52
145,1,28.21,0,101.1
145,0,28.21,1,94.68
146,3,21.96,1,200.61
146,2,21.96,1,156.69
146,1,21.96,0,62.77
146,0,21.96,0,18.85
147,3,20.74,0,139.07
147,2,20.74,0,97.59
147,1,20.74,0,56.11
147,0,20.74,1,64.63
148,3,11.61,1,152.19
148,2,11.61,0,78.97
148,1,11.61,1,105.75
148,0,11.61,0,32.53
149,3,18.07,0,128.11
149,2,18.07,1,141.97
149,1,18.07,1,105.83
149,0,18.07,0,19.69
150,3,24.21,1,243.6
150,2,24.21,0,145.18
150,1,24.21,0,96.76
150,0,24.21,1,98.34
151,3,20.09,1,165.12
151,2,20.09,0,74.94
151,1,20.09,0,34.76
151,0,20.09,1,44.58
152,3,16.1,0,0
152,2,16.1,0,0
152,1,16.1,0,0
152,0,16.1,1,0
153,3,15.81,1,202.61
153,2,15.81,1,170.99
153,1,15.81,1,139.37
153,0,15.81,0,57.75
154,3,22.83,0,259.16
154,2,22.83,1,263.5
154,1,22.83,1,217.84
154,0,22.83,0,122.18
155,3,15.16,0,118.19
155,2,15.16,0,87.87
155,1,15.16,1,107.55
155,0,15.16,0,27.23
156,3,18.12,1,161.83
156,2,18.12,0,75.59
156,1,18.12,0,39.35
156,0,18.12,0,3.11
157,3,21.99,1,187.11
157,2,21.99,1,143.13
157,1,21.99,0,49.15
157,0,21.99,1,55.17
158,3,16.3,0,98.15
158,2,16.3,0,65.55
158,1,16.3,0,32.95
158,0,16.3,0,0.35
159,3,19.89,1,180.1
159,2,19.89,0,90.32
159,1,19.89,0,50.54
159,0,19.89,0,10.76
160,3,17.14,1,103.88
160,2,17.14,1,69.6
160,1,17.14,0,0
160,0,17.14,0,0
161,3,23.74,1,180.33
161,2,23.74,1,132.85
161,1,23.74,1,85.37
161,0,23.74,0,0
162,3,21.62,0,91.49
162,2,21.62,1,98.25
162,1,21.62,1,55.01
162,0,21.62,0,0
163,3,19.89,1,191.67
163,2,19.89,0,101.89
163,1,19.89,1,112.11
163,0,19.89,1,72.33
164,3,25,0,150.17
164,2,25,1,150.17
164,1,25,0,50.17
164,0,25,0,0.17
165,3,16.71,1,181.73
165,2,16.71,1,148.31
165,1,16.71,1,114.89
165,0,16.71,0,31.47
166,3,23.5,1,195.76
166,2,23.5,1,148.76
166,1,23.5,0,51.76
166,0,23.5,1,54.76
167,3,23.33,1,252.63
167,2,23.33,1,205.97
167,1,23.33,1,159.31
167,0,23.33,0,62.65
168,3,19.26,0,135.5
168,2,19.26,0,96.98
168,1,19.26,0,58.46
168,0,19.26,0,19.94
169,3,18.63,0,229.94
169,2,18.63,0,192.68
169,1,18.63,1,205.42
169,0,18.63,1,168.16
170,3,16.5,0,10.68
170,2,16.5,1,27.68
170,1,16.5,1,0
170,0,16.5,0,0
171,3,29.07,1,211.14
171,2,29.07,1,153
171,1,29.07,1,94.86
171,0,29.07,1,36.72
172,3,17.25,1,205.82
172,2,17.25,0,121.32
172,1,17.25,0,86.82
172,0,17.25,0,52.32
173,3,15.32,0,223.66
173,2,15.32,1,243.02
173,1,15.32,0,162.38
173,0,15.32,0,131.74
174,3,32.28,0,203.53
174,2,32.28,1,188.97
174,1,32.28,0,74.41
174,0,32.28,1,59.85
175,3,20.78,1,187.64
175,2,20.78,0,96.08
175,1,20.78,1,104.52
175,0,20.78,0,12.96
176,3,18.26,1,156.5
176,2,18.26,0,69.98
176,1,18.26,0,33.46
176,0,18.26,1,46.94
177,3,19.53,0,193.28
177,2,19.53,1,204.22
177,1,19.53,0,115.16
177,0,19.53,1,126.1
178,3,19.13,0,109.54
178,2,19.13,0,71.28
178,1,19.13,0,33.02
178,0,19.13,0,0
179,3,16.8,1,191.6
179,2,16.8,0,108
179,1,16.8,0,74.4
179,0,16.8,0,40.8
180,3,15.3,1,131.11
180,2,15.3,0,50.51
180,1,15.3,0,19.91
180,0,15.3,0,0
181,3,19.33,0,61.68
181,2,19.33,1,73.02
181,1,19.33,0,0
181,0,19.33,1,0
182,3,19.59,1,192.81
182,2,19.59,0,103.63
182,1,19.59,0,64.45
182,0,19.59,1,75.27
183,3,17.12,1,185
183,2,17.12,1,150.76
183,1,17.12,0,66.52
183,0,17.12,0,32.28
184,3,20.32,1,246.9
184,2,20.32,1,206.26
184,1,20.32,0,115.62
184,0,20.32,1,124.98
185,3,22.31,1,190.65
185,2,22.31,0,96.03
185,1,22.31,0,51.41
185,0,22.31,0,6.79
186,3,19.01,0,92.2
186,2,19.01,0,54.18
186,1,19.01,0,16.16
186,0,19.01,0,0
187,3,24.01,1,236.21
187,2,24.01,1,188.19
187,1,24.01,0,90.17
187,0,24.01,1,92.15
188,3,17.79,1,176.57
188,2,17.79,0,90.99
188,1,17.79,0,55.41
188,0,17.79,1,69.83
189,3,20.5,1,197.53
189,2,20.5,1,156.53
189,1,20.5,1,115.53
189,0,20.5,1,74.53
190,3,27.07,1,225.83
190,2,27.07,1,171.69
190,1,27.07,0,67.55
190,0,27.07,1,63.41
191,3,22.82,1,257.76
191,2,22.82,1,212.12
191,1,22.82,0,116.48
191,0,22.82,0,70.84
192,3,22.48,1,215.83
192,2,22.48,1,170.87
192,1,22.48,0,75.91
192,0,22.48,1,80.95
193,3,31.69,1,357.06
193,2,31.69,1,293.68
193,1,31.69,1,230.3
193,0,31.69,1,166.92
194,3,18.73,1,226.66
194,2,18.73,1,189.2
194,1,18.73,1,151.74
194,0,18.73,0,64.28
195,3,24.55,1,244.8
195,2,24.55,1,195.7
195,1,24.55,0,96.6
195,0,24.55,1,97.5
196,3,22.09,0,63.26
196,2,22.09,0,19.08
196,1,22.09,0,0
196,0,22.09,0,0
197,3,17.63,1,193.53
197,2,17.63,1,158.27
197,1,17.63,1,123.01
197,0,17.63,0,37.75
198,3,22.8,1,220.61
198,2,22.8,1,175.01
198,1,22.8,0,79.41
198,0,22.8,0,33.81
199,3,32.52,1,308.19
199,2,32.52,1,243.15
199,1,32.52,1,178.11
199,0,32.52,0,63.07
200,3,22.52,1,249.86
200,2,22.52,0,154.82
200,1,22.52,1,159.78
200,0,22.52,0,64.74
201,3,18.16,0,97.08
201,2,18.16,0,60.76
201,1,18.16,0,24.44
201,0,18.16,0,0
202,3,21.92,1,234.64
202,2,21.92,0,140.8
202,1,21.92,1,146.96
202,0,21.92,1,103.12
203,3,14.11,0,60.65
203,2,14.11,0,32.43
203,1,14.11,0,4.21
203,0,14.11,0,0
204,3,20.87,1,283.83
204,2,20.87,1,242.09
204,1,20.87,0,150.35
204,0,20.87,1,158.61
205,3,18.53,0,53.11
205,2,18.53,0,16.05
205,1,18.53,0,0
205,0,18.53,1,0
206,3,24.75,0,75.22
206,2,24.75,0,25.72
206,1,24.75,0,0
206,0,24.75,0,0
207,3,13.01,1,48.53
207,2,13.01,1,22.51
207,1,13.01,0,0
207,0,13.01,1,0
208,3,19.89,0,84.7
208,2,19.89,0,44.92
208,1,19.89,1,55.14
208,0,19.89,0,0
209,3,22.69,1,142.87
209,2,22.69,1,97.49
209,1,22.69,0,2.11
209,0,22.69,1,6.73
210,3,20.41,0,230.67
210,2,20.41,0,189.85
210,1,20.41,0,149.03
210,0,20.41,1,158.21
211,3,23.32,1,186.92
211,2,23.32,1,140.28
211,1,23.32,0,43.64
211,0,23.32,1,47
212,3,20.09,0,63.5
212,2,20.09,0,23.32
212,1,20.09,1,33.14
212,0,20.09,0,0
213,3,20.03,1,235.93
213,2,20.03,1,195.87
213,1,20.03,0,105.81
213,0,20.03,0,65.75
214,3,17.7,1,134.57
214,2,17.7,0,49.17
214,1,17.7,0,13.77
214,0,17.7,0,0
215,3,28.24,1,175.84
215,2,28.24,1,119.36
215,1,28.24,1,62.88
215,0,28.24,1,6.4
216,3,21.49,1,234.22
216,2,21.49,1,191.24
216,1,21.49,1,148.26
216,0,21.49,0,55.28
217,3,18.83,1,202.98
217,2,18.83,0,115.32
217,1,18.83,1,127.66
217,0,18.83,0,40
218,3,13.55,1,113.1
218,2,13.55,0,36
218,1,13.55,0,8.9
218,0,13.55,0,0
219,3,22.35,1,266.83
219,2,22.35,1,222.13
219,1,22.35,1,177.43
219,0,22.35,1,132.73
220,3,21.94,1,200.04
220,2,21.94,1,156.16
220,1,21.94,0,62.28
220,0,21.94,0,18.4
221,3,13.76,0,167.17
221,2,13.76,0,139.65
221,1,13.76,1,162.13
221,0,13.76,0,84.61
222,3,22.51,1,222.71
222,2,22.51,1,177.69
222,1,22.51,1,132.67
222,0,22.51,1,87.65
223,3,23.16,1,280.06
223,2,23.16,0,183.74
223,1,23.16,0,137.42
223,0,23.16,1,141.1
224,3,29.49,0,201.9
224,2,29.49,1,192.92
224,1,29.49,1,133.94
224,0,29.49,1,74.96
225,3,17.1,1,98.71
225,2,17.1,1,64.51
225,1,17.1,0,0
225,0,17.1,0,0
226,3,25.28,1,339.43
226,2,25.28,1,288.87
226,1,25.28,1,238.31
226,0,25.28,1,187.75
227,3,24.8,1,186.31
227,2,24.8,1,136.71
227,1,24.8,0,37.11
227,0,24.8,1,37.51
228,3,23.21,0,142.53
228,2,23.21,0,96.11
228,1,23.21,0,49.69
228,0,23.21,0,3.27
229,3,22.94,1,165.56
229,2,22.94,1,119.68
229,1,22.94,1,73.8
229,0,22.94,0,0
230,3,17.97,1,155.62
230,2,17.97,0,69.68
230,1,17.97,1,83.74
230,0,17.97,1,47.8
231,3,14.91,1,156.5
231,2,14.91,0,76.68
231,1,14.91,0,46.86
231,0,14.91,0,17.04
232,3,26.44,1,235.17
232,2,26.44,1,182.29
232,1,26.44,1,129.41
232,0,26.44,1,76.53
233,3,22.46,1,230.27
233,2,22.46,1,185.35
233,1,22.46,0,90.43
233,0,22.46,0,45.51
234,3,18.42,1,258.55
234,2,18.42,1,221.71
234,1,18.42,0,134.87
234,0,18.42,1,148.03
235,3,16.05,0,96.33
235,2,16.05,1,114.23
235,1,16.05,0,32.13
235,0,16.05,0,0.03
236,3,27.83,1,173.15
236,2,27.83,1,117.49
236,1,27.83,1,61.83
236,0,27.83,1,6.17
237,3,23.74,0,97.06
237,2,23.74,1,99.58
237,1,23.74,1,52.1
237,0,23.74,1,4.62
238,3,18.68,0,87.47
238,2,18.68,0,50.11
238,1,18.68,0,12.75
238,0,18.68,0,0
239,3,13.51,1,50.86
239,2,13.51,0,0
239,1,13.51,0,0
239,0,13.51,0,0
240,3,24.09,0,199.88
240,2,24.09,0,151.7
240,1,24.09,1,153.52
240,0,24.09,1,105.34
241,3,24.19,0,134.42
241,2,24.19,1,136.04
241,1,24.19,0,37.66
241,0,24.19,0,0
242,3,24.8,1,198.05
242,2,24.8,0,98.45
242,1,24.8,1,98.85
242,0,24.8,1,49.25
243,3,18.75,1,171.16
243,2,18.75,0,83.66
243,1,18.75,0,46.16
243,0,18.75,0,8.66
244,3,20.29,0,62.2
244,2,20.29,1,71.62
244,1,20.29,0,0
244,0,20.29,0,0
245,3,14.02,1,95.07
245,2,14.02,0,17.03
245,1,14.02,0,0
245,0,14.02,0,0
246,3,25.59,1,252.87
246,2,25.59,1,201.69
246,1,25.59,1,150.51
246,0,25.59,0,49.33
247,3,15.05,0,126.28
247,2,15.05,0,96.18
247,1,15.05,0,66.08
247,0,15.05,0,35.98
248,3,18.83,1,149.65
248,2,18.83,0,61.99
248,1,18.83,1,74.33
248,0,18.83,0,0
249,3,20.72,1,275.57
249,2,20.72,0,184.13
249,1,20.72,0,142.69
249,0,20.72,0,101.25
250,3,15.75,1,84.96
250,2,15.75,0,3.46
250,1,15.75,1,21.96
250,0,15.75,1,0
251,3,17.85,0,97.7
251,2,17.85,1,112
251,1,17.85,1,76.3
251,0,17.85,0,0
252,3,21.72,0,130.5
252,2,21.72,0,87.06
252,1,21.72,1,93.62
252,0,21.72,1,50.18
253,3,25.09,0,25.98
253,2,25.09,0,0
253,1,25.09,0,0
253,0,25.09,1,0
254,3,18.3,1,264.98
254,2,18.3,0,178.38
254,1,18.3,0,141.78
254,0,18.3,1,155.18
255,3,14.28,0,108.28
255,2,14.28,0,79.72
255,1,14.28,0,51.16
255,0,14.28,1,72.6
256,3,14.46,1,88.99
256,2,14.46,1,60.07
256,1,14.46,0,0
256,0,14.46,1,2.23
257,3,20,1,282.56
257,2,20,0,192.56
257,1,20,0,152.56
257,0,20,1,162.56
258,3,21.11,1,217.05
258,2,21.11,0,124.83
258,1,21.11,1,132.61
258,0,21.11,1,90.39
259,3,15.98,1,173.34
259,2,15.98,1,141.38
259,1,15.98,0,59.42
259,0,15.98,0,27.46
260,3,16.17,1,122.84
260,2,16.17,1,90.5
260,1,16.17,0,8.16
260,0,16.17,0,0
261,3,11.13,0,73.22
261,2,11.13,1,100.96
261,1,11.13,1,78.7
261,0,11.13,0,6.44
262,3,10.06,1,34.14
262,2,10.06,1,14.02
262,1,10.06,0,0
262,0,10.06,1,0
263,3,17.84,0,154.63
263,2,17.84,0,118.95
263,1,17.84,0,83.27
263,0,17.84,1,97.59
264,3,22.35,0,127.73
264,2,22.35,1,133.03
264,1,22.35,0,38.33
264,0,22.35,1,43.63
265,3,15.66,0,106.32
265,2,15.66,0,75
265,1,15.66,1,93.68
265,0,15.66,0,12.36
266,3,18.87,0,182.19
266,2,18.87,0,144.45
266,1,18.87,1,156.71
266,0,18.87,0,68.97
267,3,18.7,1,185.14
267,2,18.7,1,147.74
267,1,18.7,0,60.34
267,0,18.7,0,22.94
268,3,17.41,1,174.99
268,2,17.41,1,140.17
268,1,17.41,0,55.35
268,0,17.41,0,20.53
269,3,17.92,1,179.26
269,2,17.92,0,93.42
269,1,17.92,1,107.58
269,0,17.92,0,21.74
270,3,21.43,1,153.35
270,2,21.43,0,60.49
270,1,21.43,0,17.63
270,0,21.43,0,0
271,3,23.03,1,243.01
271,2,23.03,1,196.95
271,1,23.03,0,100.89
271,0,23.03,1,104.83
272,3,11.2,1,195.57
272,2,11.2,1,173.17
272,1,11.2,0,100.77
272,0,11.2,1,128.37
273,3,19.36,1,213.46
273,2,19.36,0,124.74
273,1,19.36,0,86.02
273,0,19.36,0,47.3
274,3,18.99,1,217.18
274,2,18.99,1,179.2
274,1,18.99,1,141.22
274,0,18.99,0,53.24
275,3,10.73,0,21.25
275,2,10.73,1,49.79
275,1,10.73,0,0
275,0,10.73,1,6.87
276,3,13.7,1,92.51
276,2,13.7,0,15.11
276,1,13.7,0,0
276,0,13.7,0,0
277,3,16.05,0,30.31
277,2,16.05,1,48.21
277,1,16.05,1,16.11
277,0,16.05,0,0
278,3,22.26,1,257.43
278,2,22.26,1,212.91
278,1,22.26,1,168.39
278,0,22.26,0,73.87
279,3,27.18,0,167.55
279,2,27.18,1,163.19
279,1,27.18,1,108.83
279,0,27.18,0,4.47
280,3,14.06,0,158.41
280,2,14.06,0,130.29
280,1,14.06,0,102.17
280,0,14.06,0,74.05
281,3,25.12,1,176.74
281,2,25.12,0,76.5
281,1,25.12,1,76.26
281,0,25.12,0,0
282,3,27.46,1,210.34
282,2,27.46,1,155.42
282,1,27.46,0,50.5
282,0,27.46,1,45.58
283,3,18.63,0,125.18
283,2,18.63,1,137.92
283,1,18.63,0,50.66
283,0,18.63,0,13.4
284,3,12.24,1,171.75
284,2,12.24,0,97.27
284,1,12.24,0,72.79
284,0,12.24,0,48.31
285,3,14.91,0,97.41
285,2,14.91,0,67.59
285,1,14.91,0,37.77
285,0,14.91,0,7.95
286,3,18.66,0,131.18
286,2,18.66,1,143.86
286,1,18.66,1,106.54
286,0,18.66,0,19.22
287,3,17.57,1,163.82
287,2,17.57,1,128.68
287,1,17.57,0,43.54
287,0,17.57,0,8.4
288,3,19.83,0,137.67
288,2,19.83,0,98.01
288,1,19.83,0,58.35
288,0,19.83,0,18.69
289,3,30.11,1,194.95
289,2,30.11,1,134.73
289,1,30.11,1,74.51
289,0,30.11,1,14.29
290,3,21.44,1,194.13
290,2,21.44,1,151.25
290,1,21.44,0,58.37
290,0,21.44,1,65.49
291,3,18.13,1,157.58
291,2,18.13,0,71.32
291,1,18.13,1,85.06
291,0,18.13,0,0
292,3,25.36,1,214.68
292,2,25.36,0,113.96
292,1,25.36,0,63.24
292,0,25.36,1,62.52
293,3,16.96,0,133.34
293,2,16.96,0,99.42
293,1,16.96,0,65.5
293,0,16.96,0,31.58
294,3,33.38,1,239.63
294,2,33.38,1,172.87
294,1,33.38,1,106.11
294,0,33.38,1,39.35
295,3,17.68,1,159.53
295,2,17.68,1,124.17
295,1,17.68,0,38.81
295,0,17.68,0,3.45
296,3,11.49,0,55.56
296,2,11.49,0,32.58
296,1,11.49,0,9.6
296,0,11.49,0,0
297,3,22.46,1,218.09
297,2,22.46,0,123.17
297,1,22.46,0,78.25
297,0,22.46,0,33.33
298,3,13.58,1,174.3
298,2,13.58,1,147.14
298,1,13.58,1,119.98
298,0,13.58,0,42.82
299,3,13.57,1,87.22
299,2,13.57,1,60.08
299,1,13.57,0,0
299,0,13.57,0,0
300,3,27.62,1,262.64
300,2,27.62,1,207.4
300,1,27.62,1,152.16
300,0,27.62,1,96.92
301,3,15.96,1,255.01
301,2,15.96,1,223.09
301,1,15.96,1,191.17
301,0,15.96,1,159.25
302,3,12.14,1,51.42
302,2,12.14,1,27.14
302,1,12.14,0,0
302,0,12.14,1,0
303,3,17.17,1,118.68
303,2,17.17,0,34.34
303,1,17.17,1,50
303,0,17.17,0,0
304,3,23.69,0,111.8
304,2,23.69,0,64.42
304,1,23.69,0,17.04
304,0,23.69,1,19.66
305,3,27.84,1,220.93
305,2,27.84,0,115.25
305,1,27.84,1,109.57
305,0,27.84,1,53.89
306,3,21.55,0,221.99
306,2,21.55,0,178.89
306,1,21.55,1,185.79
306,0,21.55,1,142.69
307,3,20.53,0,134.38
307,2,20.53,0,93.32
307,1,20.53,0,52.26
307,0,20.53,0,11.2
308,3,18.56,0,85.19
308,2,18.56,0,48.07
308,1,18.56,1,60.95
308,0,18.56,0,0
309,3,19.05,0,154.44
309,2,19.05,1,166.34
309,1,19.05,1,128.24
309,0,19.05,1,90.14
310,3,16.87,0,78.1
310,2,16.87,0,44.36
310,1,16.87,1,60.62
310,0,16.87,0,0
311,3,20.84,0,192.05
311,2,20.84,0,150.37
311,1,20.84,1,158.69
311,0,20.84,1,117.01
312,3,18.62,1,185.6
312,2,18.62,1,148.36
312,1,18.62,1,111.12
312,0,18.62,1,73.88
313,3,16.11,1,222.21
313,2,16.11,0,139.99
313,1,16.11,0,107.77
313,0,16.11,1,125.55
314,3,27.42,1,198.87
314,2,27.42,1,144.03
314,1,27.42,1,89.19
314,0,27.42,1,34.35
315,3,32.16,1,416.66
315,2,32.16,1,352.34
315,1,32.16,1,288.02
315,0,32.16,1,223.7
316,3,25.35,1,258.68
316,2,25.35,1,207.98
316,1,25.35,1,157.28
316,0,25.35,1,106.58
317,3,25.06,1,248.15
317,2,25.06,1,198.03
317,1,25.06,1,147.91
317,0,25.06,0,47.79
318,3,22.58,1,195.5
318,2,22.58,1,150.34
318,1,22.58,0,55.18
318,0,22.58,0,10.02
319,3,20.4,1,146.52
319,2,20.4,0,55.72
319,1,20.4,0,14.92
319,0,20.4,0,0
320,3,27.83,1,191.42
320,2,27.83,1,135.76
320,1,27.83,1,80.1
320,0,27.83,1,24.44
321,3,17.94,0,108.78
321,2,17.94,0,72.9
321,1,17.94,0,37.02
321,0,17.94,0,1.14
322,3,18.79,1,131.67
322,2,18.79,1,94.09
322,1,18.79,0,6.51
322,0,18.79,0,0
323,3,19.7,1,192.03
323,2,19.7,0,102.63
323,1,19.7,1,113.23
323,0,19.7,1,73.83
324,3,26.49,0,134.13
324,2,26.49,1,131.15
324,1,26.49,1,78.17
324,0,26.49,1,25.19
325,3,20.69,0,165.88
325,2,20.69,0,124.5
325,1,20.69,1,133.12
325,0,20.69,0,41.74
326,3,18.85,1,219.76
326,2,18.85,1,182.06
326,1,18.85,0,94.36
326,0,18.85,0,56.66
327,3,18.13,1,131.62
327,2,18.13,1,95.36
327,1,18.13,0,9.1
327,0,18.13,0,0
328,3,25.25,1,276.38
328,2,25.25,1,225.88
328,1,25.25,0,125.38
328,0,25.25,1,124.88
329,3,21.24,1,176.78
329,2,21.24,1,134.3
329,1,21.24,0,41.82
329,0,21.24,0,0
330,3,19.08,1,231.32
330,2,19.08,0,143.16
330,1,19.08,0,105
330,0,19.08,0,66.84
331,3,29.86,1,270.93
331,2,29.86,1,211.21
331,1,29.86,1,151.49
331,0,29.86,1,91.77
332,3,21.28,1,245.08
332,2,21.28,1,202.52
332,1,21.28,0,109.96
332,0,21.28,0,67.4
333,3,18.74,0,71.33
333,2,18.74,1,83.85
333,1,18.74,0,0
333,0,18.74,0,0
334,3,12.8,1,124.26
334,2,12.8,0,48.66
334,1,12.8,0,23.06
334,0,12.8,0,0
335,3,18.31,1,240.74
335,2,18.31,1,204.12
335,1,18.31,0,117.5
335,0,18.31,0,80.88
336,3,16.68,0,75.86
336,2,16.68,0,42.5
336,1,16.68,1,59.14
336,0,16.68,0,0
337,3,25.12,1,113.98
337,2,25.12,1,63.74
337,1,25.12,1,13.5
337,0,25.12,1,0
338,3,21.78,1,95.33
338,2,21.78,1,51.77
338,1,21.78,1,8.21
338,0,21.78,0,0
339,3,18.77,1,46.07
339,2,18.77,0,0
339,1,18.77,0,0
339,0,18.77,0,0
340,3,11.1,0,0
340,2,11.1,0,0
340,1,11.1,0,0
340,0,11.1,0,0
341,3,21.15,1,167.47
341,2,21.15,1,125.17
341,1,21.15,0,32.87
341,0,21.15,0,0
342,3,16.76,1,221.25
342,2,16.76,0,137.73
342,1,16.76,1,154.21
342,0,16.76,0,70.69
343,3,25.18,1,194.15
343,2,25.18,1,143.79
343,1,25.18,1,93.43
343,0,25.18,1,43.07
344,3,10.49,0,79.61
344,2,10.49,1,108.63
344,1,10.49,1,87.65
344,0,10.49,1,66.67
345,3,23.51,1,199.07
345,2,23.51,1,152.05
345,1,23.51,1,105.03
345,0,23.51,1,58.01
346,3,20.92,0,136.87
346,2,20.92,1,145.03
346,1,20.92,1,103.19
346,0,20.92,0,11.35
347,3,18.59,0,111.72
347,2,18.59,1,124.54
347,1,18.59,1,87.36
347,0,18.59,0,0.18
348,3,19.14,1,165.27
348,2,19.14,0,76.99
348,1,19.14,0,38.71
348,0,19.14,1,50.43
349,3,18.53,1,192.77
349,2,18.53,1,155.71
349,1,18.53,0,68.65
349,0,18.53,0,31.59
350,3,12.76,1,70.52
350,2,12.76,0,0
350,1,12.76,0,0
350,0,12.76,0,0
351,3,18.85,0,172.46
351,2,18.85,1,184.76
351,1,18.85,0,97.06
351,0,18.85,0,59.36
352,3,20.98,1,232.86
352,2,20.98,1,190.9
352,1,20.98,1,148.94
352,0,20.98,0,56.98
353,3,17.79,1,154.78
353,2,17.79,1,119.2
353,1,17.79,1,83.62
353,0,17.79,0,0
354,3,18.53,1,209.98
354,2,18.53,1,172.92
354,1,18.53,1,135.86
354,0,18.53,0,48.8
355,3,23.75,1,171.18
355,2,23.75,1,123.68
355,1,23.75,0,26.18
355,0,23.75,1,28.68
356,3,21.99,1,167.07
356,2,21.99,1,123.09
356,1,21.99,0,29.11
356,0,21.99,0,0
357,3,18.51,0,127.38
357,2,18.51,0,90.36
357,1,18.51,1,103.34
357,0,18.51,1,66.32
358,3,14.72,1,133.53
358,2,14.72,0,54.09
358,1,14.72,1,74.65
358,0,14.72,0,0
359,3,22.25,1,173.31
359,2,22.25,1,128.81
359,1,22.25,0,34.31
359,0,22.25,0,0
360,3,16.22,1,119.92
360,2,16.22,0,37.48
360,1,16.22,0,5.04
360,0,16.22,0,0
361,3,19.18,0,96.39
361,2,19.18,1,108.03
361,1,19.18,0,19.67
361,0,19.18,0,0
362,3,22.84,1,246.84
362,2,22.84,1,201.16
362,1,22.84,0,105.48
362,0,22.84,0,59.8
363,3,28.56,1,142.75
363,2,28.56,0,35.63
363,1,28.56,1,28.51
363,0,28.56,1,0
364,3,18.13,1,184.53
364,2,18.13,1,148.27
364,1,18.13,1,112.01
364,0,18.13,0,25.75
365,3,20.11,1,168.95
365,2,20.11,0,78.73
365,1,20.11,0,38.51
365,0,20.11,0,0
366,3,16.27,0,140.28
366,2,16.27,0,107.74
366,1,16.27,0,75.2
366,0,16.27,0,42.66
367,3,16.6,1,181.95
367,2,16.6,1,148.75
367,1,16.6,1,115.55
367,0,16.6,1,82.35
368,3,17.06,0,0
368,2,17.06,0,0
368,1,17.06,0,0
368,0,17.06,0,0
369,3,19.61,0,156.5
369,2,19.61,1,167.28
369,1,19.61,1,128.06
369,0,19.61,1,88.84
370,3,15.42,0,114.15
370,2,15.42,0,83.31
370,1,15.42,0,52.47
370,0,15.42,1,71.63
371,3,15.84,1,151.97
371,2,15.84,1,120.29
371,1,15.84,1,88.61
371,0,15.84,0,6.93
372,3,19.51,1,153.14
372,2,19.51,1,114.12
372,1,19.51,0,25.1
372,0,19.51,1,36.08
373,3,29.36,1,288.18
373,2,29.36,1,229.46
373,1,29.36,1,170.74
373,0,29.36,1,112.02
374,3,16.72,0,86.39
374,2,16.72,0,52.95
374,1,16.72,0,19.51
374,0,16.72,0,0
375,3,17.91,0,207.11
375,2,17.91,0,171.29
375,1,17.91,0,135.47
375,0,17.91,0,99.65
376,3,15.6,1,177.42
376,2,15.6,0,96.22
376,1,15.6,0,65.02
376,0,15.6,0,33.82
377,3,15.75,0,207.14
377,2,15.75,0,175.64
377,1,15.75,1,194.14
377,0,15.75,0,112.64
378,3,14.4,1,101.52
378,2,14.4,1,72.72
378,1,14.4,0,0
378,0,14.4,0,0
379,3,18.61,0,32.47
379,2,18.61,1,45.25
379,1,18.61,0,0
379,0,18.61,1,0
380,3,20.12,1,216.58
380,2,20.12,1,176.34
380,1,20.12,0,86.1
380,0,20.12,1,95.86
381,3,21.13,0,180.55
381,2,21.13,1,188.29
381,1,21.13,1,146.03
381,0,21.13,0,53.77
382,3,21.32,0,141.01
382,2,21.32,1,148.37
382,1,21.32,1,105.73
382,0,21.32,0,13.09
383,3,15.63,1,72.47
383,2,15.63,1,41.21
383,1,15.63,0,0
383,0,15.63,0,0
384,3,19.61,1,154.88
384,2,19.61,1,115.66
384,1,19.61,1,76.44
384,0,19.61,0,0
385,3,16.68,1,187.66
385,2,16.68,1,154.3
385,1,16.68,1,120.94
385,0,16.68,0,37.58
386,3,16.94,1,149.37
386,2,16.94,1,115.49
386,1,16.94,0,31.61
386,0,16.94,1,47.73
387,3,13.92,0,81.64
387,2,13.92,1,103.8
387,1,13.92,0,25.96
387,0,13.92,0,0
388,3,17.37,0,102.82
388,2,17.37,1,118.08
388,1,17.37,1,83.34
388,0,17.37,0,0
389,3,22.66,1,151.92
389,2,22.66,1,106.6
389,1,22.66,0,11.28
389,0,22.66,0,0
390,3,20.49,0,106.78
390,2,20.49,1,115.8
390,1,20.49,0,24.82
390,0,20.49,0,0
391,3,19.29,1,103.7
391,2,19.29,0,15.12
391,1,19.29,1,26.54
391,0,19.29,1,0
392,3,31.31,1,347.57
392,2,31.31,1,284.95
392,1,31.31,1,222.33
392,0,31.31,1,159.71
393,3,17.33,0,87.54
393,2,17.33,0,52.88
393,1,17.33,1,68.22
393,0,17.33,0,0
394,3,22.3,1,219.98
394,2,22.3,0,125.38
394,1,22.3,0,80.78
394,0,22.3,1,86.18
395,3,29.52,1,195.55
395,2,29.52,1,136.51
395,1,29.52,1,77.47
395,0,29.52,1,18.43
396,3,17.82,0,154.47
396,2,17.82,0,118.83
396,1,17.82,0,83.19
396,0,17.82,1,97.55
397,3,17.13,0,16.25
397,2,17.13,0,0
397,1,17.13,0,0
397,0,17.13,0,0
398,3,20.85,1,231.98
398,2,20.85,1,190.28
398,1,20.85,0,98.58
398,0,20.85,1,106.88
399,3,17.18,1,158.49
399,2,17.18,1,124.13
399,1,17.18,0,39.77
399,0,17.18,0,5.41
400,3,23.81,1,312.2
400,2,23.81,1,264.58
400,1,23.81,1,216.96
400,0,23.81,1,169.34
401,3,20.22,1,116.21
401,2,20.22,1,75.77
401,1,20.22,1,35.33
401,0,20.22,0,0
402,3,21.12,0,141.66
402,2,21.12,0,99.42
402,1,21.12,0,57.18
402,0,21.12,1,64.94
403,3,20.86,0,154.38
403,2,20.86,1,162.66
403,1,20.86,1,120.94
403,0,20.86,0,29.22
404,3,19.19,0,185.97
404,2,19.19,0,147.59
404,1,19.19,0,109.21
404,0,19.19,1,120.83
405,3,24.12,1,187.7
405,2,24.12,1,139.46
405,1,24.12,1,91.22
405,0,24.12,1,42.98
406,3,24.95,1,218.97
406,2,24.95,1,169.07
406,1,24.95,1,119.17
406,0,24.95,0,19.27
407,3,25.24,1,109.56
407,2,25.24,1,59.08
407,1,25.24,1,8.6
407,0,25.24,1,0
408,3,26.08,1,181.05
408,2,26.08,1,128.89
408,1,26.08,1,76.73
408,0,26.08,0,0
409,3,19.77,1,200.97
409,2,19.77,0,111.43
409,1,19.77,0,71.89
409,0,19.77,1,82.35
410,3,22.1,1,249.91
410,2,22.1,1,205.71
410,1,22.1,1,161.51
410,0,22.1,1,117.31
411,3,13.52,0,70.55
411,2,13.52,0,43.51
411,1,13.52,1,66.47
411,0,13.52,0,0
412,3,20.61,0,237.09
412,2,20.61,1,245.87
412,1,20.61,1,204.65
412,0,20.61,0,113.43
413,3,16.61,1,244.28
413,2,16.61,0,161.06
413,1,16.61,0,127.84
413,0,16.61,0,94.62
414,3,29.19,1,241.3
414,2,29.19,1,182.92
414,1,29.19,1,124.54
414,0,29.19,1,66.16
415,3,23.27,0,32.21
415,2,23.27,1,35.67
415,1,23.27,0,0
415,0,23.27,1,0
416,3,14.56,0,3.04
416,2,14.56,0,0
416,1,14.56,0,0
416,0,14.56,0,0
417,3,28.54,1,200.89
417,2,28.54,1,143.81
417,1,28.54,1,86.73
417,0,28.54,0,0
418,3,15.47,1,204.08
418,2,15.47,0,123.14
418,1,15.47,1,142.2
418,0,15.47,1,111.26
419,3,22.29,1,211.54
419,2,22.29,0,116.96
419,1,22.29,1,122.38
419,0,22.29,1,77.8
420,3,27.12,1,125.13
420,2,27.12,1,70.89
420,1,27.12,1,16.65
420,0,27.12,1,0
421,3,17.21,0,99.03
421,2,17.21,1,114.61
421,1,17.21,0,30.19
421,0,17.21,0,0
422,3,27.08,0,260.23
422,2,27.08,1,256.07
422,1,27.08,1,201.91
422,0,27.08,1,147.75
423,3,28.05,1,217.61
423,2,28.05,1,161.51
423,1,28.05,0,55.41
423,0,28.05,1,49.31
424,3,19.65,0,90.05
424,2,19.65,0,50.75
424,1,19.65,0,11.45
424,0,19.65,0,0
425,3,19.4,0,228.53
425,2,19.4,0,189.73
425,1,19.4,1,200.93
425,0,19.4,1,162.13
426,3,21.16,0,140.79
426,2,21.16,1,148.47
426,1,21.16,0,56.15
426,0,21.16,0,13.83
427,3,18.4,0,94.84
427,2,18.4,1,108.04
427,1,18.4,0,21.24
427,0,18.4,0,0
428,3,19.89,1,196.74
428,2,19.89,0,106.96
428,1,19.89,0,67.18
428,0,19.89,0,27.4
429,3,20.66,0,135.48
429,2,20.66,0,94.16
429,1,20.66,1,102.84
429,0,20.66,1,61.52
430,3,18.31,1,146.71
430,2,18.31,0,60.09
430,1,18.31,0,23.47
430,0,18.31,0,0
431,3,20.12,1,241.26
431,2,20.12,0,151.02
431,1,20.12,0,110.78
431,0,20.12,0,70.54
432,3,27.78,1,290.25
432,2,27.78,1,234.69
432,1,27.78,0,129.13
432,0,27.78,1,123.57
433,3,25.25,1,258.79
433,2,25.25,1,208.29
433,1,25.25,0,107.79
433,0,25.25,1,107.29
434,3,23.88,0,152.02
434,2,23.88,1,154.26
434,1,23.88,1,106.5
434,0,23.88,0,8.74
435,3,28.92,1,299.79
435,2,28.92,1,241.95
435,1,28.92,1,184.11
435,0,28.92,1,126.27
436,3,21.88,0,140.67
436,2,21.88,0,96.91
436,1,21.88,1,103.15
436,0,21.88,0,9.39
437,3,12.45,0,100.48
437,2,12.45,1,125.58
437,1,12.45,0,50.68
437,0,12.45,0,25.78
438,3,19.81,0,180.35
438,2,19.81,1,190.73
438,1,19.81,0,101.11
438,0,19.81,0,61.49
439,3,14.53,0,132.15
439,2,14.53,1,153.09
439,1,14.53,0,74.03
439,0,14.53,0,44.97
440,3,22.78,1,288.95
440,2,22.78,1,243.39
440,1,22.78,0,147.83
440,0,22.78,0,102.27
441,3,19.53,1,199.27
441,2,19.53,1,160.21
441,1,19.53,0,71.15
441,0,19.53,0,32.09
442,3,21.62,1,107.14
442,2,21.62,0,13.9
442,1,21.62,0,0
442,0,21.62,1,0
443,3,18.12,0,58.83
443,2,18.12,0,22.59
443,1,18.12,0,0
443,0,18.12,0,0
444,3,21.18,1,255.77
444,2,21.18,0,163.41
444,1,21.18,1,171.05
444,0,21.18,0,78.69
445,3,11.96,1,107.16
445,2,11.96,1,83.24
445,1,11.96,1,59.32
445,0,11.96,0,0
446,3,17.94,0,134.91
446,2,17.94,0,99.03
446,1,17.94,0,63.15
446,0,17.94,1,77.27
447,3,13.82,0,44.17
447,2,13.82,0,16.53
447,1,13.82,0,0
447,0,13.82,0,0
448,3,15.68,1,199.8
448,2,15.68,0,118.44
448,1,15.68,1,137.08
448,0,15.68,0,55.72
449,3,25.58,1,199.82
449,2,25.58,1,148.66
449,1,25.58,0,47.5
449,0,25.58,1,46.34
450,3,14.64,1,215.39
450,2,14.64,1,186.11
450,1,14.64,0,106.83
450,0,14.64,0,77.55
451,3,26.89,0,151.62
451,2,26.89,1,147.84
451,1,26.89,1,94.06
451,0,26.89,0,0
452,3,20.34,1,238.29
452,2,20.34,1,197.61
452,1,20.34,0,106.93
452,0,20.34,0,66.25
453,3,22.36,1,230.24
453,2,22.36,0,135.52
453,1,22.36,0,90.8
453,0,22.36,1,96.08
454,3,23.58,1,168.94
454,2,23.58,1,121.78
454,1,23.58,0,24.62
454,0,23.58,0,0
455,3,23.57,1,259.94
455,2,23.57,1,212.8
455,1,23.57,0,115.66
455,0,23.57,0,68.52
456,3,22.76,1,154.24
456,2,22.76,1,108.72
456,1,22.76,1,63.2
456,0,22.76,0,0
457,3,14.41,1,99.75
457,2,14.41,0,20.93
457,1,14.41,0,0
457,0,14.41,0,0
458,3,26.52,1,261.73
458,2,26.52,1,208.69
458,1,26.52,1,155.65
458,0,26.52,1,102.61
459,3,17.17,0,78.92
459,2,17.17,1,94.58
459,1,17.17,0,10.24
459,0,17.17,0,0
460,3,21.11,0,108.08
460,2,21.11,1,115.86
460,1,21.11,1,73.64
460,0,21.11,1,31.42
461,3,17.83,1,147.61
461,2,17.83,1,111.95
461,1,17.83,0,26.29
461,0,17.83,0,0
462,3,21.06,1,137.41
462,2,21.06,0,45.29
462,1,21.06,1,53.17
462,0,21.06,0,0
463,3,19.97,1,232.04
463,2,19.97,0,142.1
463,1,19.97,0,102.16
463,0,19.97,1,112.22
464,3,24.42,0,191.37
464,2,24.42,1,192.53
464,1,24.42,1,143.69
464,0,24.42,1,94.85
465,3,17.01,1,155.6
465,2,17.01,1,121.58
465,1,17.01,1,87.56
465,0,17.01,0,3.54
466,3,23.22,1,197.12
466,2,23.22,1,150.68
466,1,23.22,1,104.24
466,0,23.22,0,7.8
467,3,19.35,1,197.96
467,2,19.35,0,109.26
467,1,19.35,1,120.56
467,0,19.35,0,31.86
468,3,19.82,1,267.01
468,2,19.82,1,227.37
468,1,19.82,1,187.73
468,0,19.82,0,98.09
469,3,19.7,1,221.45
469,2,19.7,0,132.05
469,1,19.7,0,92.65
469,0,19.7,1,103.25
470,3,18.25,1,142.33
470,2,18.25,0,55.83
470,1,18.25,1,69.33
470,0,18.25,0,0
471,3,35.06,1,324.29
471,2,35.06,1,254.17
471,1,35.06,1,184.05
471,0,35.06,1,113.93
472,3,16.35,1,148.51
472,2,16.35,1,115.81
472,1,16.35,0,33.11
472,0,16.35,0,0.41
473,3,16.68,1,146.81
473,2,16.68,1,113.45
473,1,16.68,0,30.09
473,0,16.68,1,46.73
474,3,28.14,0,280.3
474,2,28.14,1,274.02
474,1,28.14,1,217.74
474,0,28.14,1,161.46
475,3,20.74,0,114.23
475,2,20.74,1,122.75
475,1,20.74,0,31.27
475,0,20.74,0,0
476,3,14.41,0,66.91
476,2,14.41,0,38.09
476,1,14.41,0,9.27
476,0,14.41,0,0
477,3,17.53,1,65.1
477,2,17.53,0,0
477,1,17.53,0,0
477,0,17.53,0,0
478,3,17.02,0,39.02
478,2,17.02,1,54.98
478,1,17.02,0,0
478,0,17.02,0,0
479,3,23.29,0,175.59
479,2,23.29,1,179.01
479,1,23.29,1,132.43
479,0,23.29,1,85.85
480,3,20.03,0,95.46
480,2,20.03,1,105.4
480,1,20.03,0,15.34
480,0,20.03,0,0
481,3,24.02,0,183.91
481,2,24.02,1,185.87
481,1,24.02,1,137.83
481,0,24.02,0,39.79
482,3,19.58,0,71.32
482,2,19.58,1,82.16
482,1,19.58,0,0
482,0,19.58,1,3.84
483,3,20.89,0,97.86
483,2,20.89,0,56.08
483,1,20.89,0,14.3
483,0,20.89,1,22.52
484,3,22.07,1,228.22
484,2,22.07,0,134.08
484,1,22.07,0,89.94
484,0,22.07,1,95.8
485,3,19.93,0,202.55
485,2,19.93,0,162.69
485,1,19.93,1,172.83
485,0,19.93,1,132.97
486,3,27.87,1,264.71
486,2,27.87,1,208.97
486,1,27.87,1,153.23
486,0,27.87,1,97.49
487,3,14.35,0,150.34
487,2,14.35,1,171.64
487,1,14.35,0,92.94
487,0,14.35,0,64.24
488,3,22,1,279.23
488,2,22,1,235.23
488,1,22,1,191.23
488,0,22,0,97.23
489,3,19.15,0,176.05
489,2,19.15,1,187.75
489,1,19.15,0,99.45
489,0,19.15,0,61.15
490,3,11.56,0,25
490,2,11.56,1,51.88
490,1,11.56,0,0
490,0,11.56,0,0
491,3,21.53,0,135.44
491,2,21.53,0,92.38
491,1,21.53,0,49.32
491,0,21.53,1,56.26
492,3,16.62,1,187.85
492,2,16.62,1,154.61
492,1,16.62,0,71.37
492,0,16.62,0,38.13
493,3,29.84,1,228.14
493,2,29.84,1,168.46
493,1,29.84,1,108.78
493,0,29.84,0,0
494,3,14.96,0,117.32
494,2,14.96,1,137.4
494,1,14.96,0,57.48
494,0,14.96,0,27.56
495,3,27.22,1,151.58
495,2,27.22,1,97.14
495,1,27.22,0,0
495,0,27.22,1,0
496,3,34.31,1,238.74
496,2,34.31,1,170.12
496,1,34.31,1,101.5
496,0,34.31,1,32.88
497,3,15.19,1,172.77
497,2,15.19,1,142.39
497,1,15.19,1,112.01
497,0,15.19,0,31.63
498,3,26.06,1,110.57
498,2,26.06,1,58.45
498,1,26.06,1,6.33
498,0,26.06,0,0
499,3,23.1,0,96.31
499,2,23.1,0,50.11
499,1,23.1,0,3.91
499,0,23.1,1,7.71
500,3,20.52,0,132.75
500,2,20.52,0,91.71
500,1,20.52,1,100.67
500,0,20.52,0,9.63
