"store","weeks_to_xmas","avg_week_sales","is_on_sale","y0","y1","weekly_amount_sold"
1,3,12.98,1,162.08,212.08,212.08
1,2,12.98,1,136.12,186.12,186.12
1,1,12.98,1,110.16,160.16,160.16
1,0,12.98,0,84.2,134.2,84.2
2,3,19.92,0,98.85,148.85,98.85
2,2,19.92,0,59.01,109.01,59.01
2,1,19.92,0,19.17,69.17,19.17
2,0,19.92,0,0,29.33,0
3,3,18.54,0,93.37,143.37,93.37
3,2,18.54,0,56.29,106.29,56.29
3,1,18.54,0,19.21,69.21,19.21
3,0,18.54,0,0,32.13,0
4,3,20.52,1,79.99,129.99,129.99
4,2,20.52,0,38.95,88.95,38.95
4,1,20.52,1,0,47.91,47.91
4,0,20.52,0,0,6.87,0
5,3,17.27,0,154.16,204.16,154.16
5,2,17.27,0,119.62,169.62,119.62
5,1,17.27,0,85.08,135.08,85.08
5,0,17.27,0,50.54,100.54,50.54
6,3,20.07,1,15.41,65.41,65.41
6,2,20.07,0,0,25.27,0
6,1,20.07,0,0,0,0
6,0,20.07,0,0,0,0
7,3,28.18,1,274.5,324.5,324.5
7,2,28.18,0,218.14,268.14,218.14
7,1,28.18,1,161.78,211.78,211.78
7,0,28.18,1,105.42,155.42,155.42
8,3,20.55,0,95.79,145.79,95.79
8,2,20.55,0,54.69,104.69,54.69
8,1,20.55,0,13.59,63.59,13.59
8,0,20.55,0,0,22.49,0
9,3,22.9,1,166.25,216.25,216.25
9,2,22.9,0,120.45,170.45,120.45
9,1,22.9,1,74.65,124.65,124.65
9,0,22.9,0,28.85,78.85,28.85
10,3,16.49,0,92.96,142.96,92.96
10,2,16.49,0,59.98,109.98,59.98
10,1,16.49,1,27,77,77
10,0,16.49,0,0,44.02,0
11,3,20.48,1,206.47,256.47,256.47
11,2,20.48,1,165.51,215.51,215.51
11,1,20.48,0,124.55,174.55,124.55
11,0,20.48,0,83.59,133.59,83.59
12,3,25,1,61.99,111.99,111.99
12,2,25,1,11.99,61.99,61.99
12,1,25,0,0,11.99,0
12,0,25,0,0,0,0
13,3,20.24,0,115.56,165.56,115.56
13,2,20.24,1,75.08,125.08,125.08
13,1,20.24,0,34.6,84.6,34.6
13,0,20.24,0,0,44.12,0
14,3,28.55,1,170.65,220.65,220.65
14,2,28.55,1,113.55,163.55,163.55
14,1,28.55,1,56.45,106.45,106.45
14,0,28.55,1,0,49.35,49.35
15,3,26.05,1,229.04,279.04,279.04
15,2,26.05,1,176.94,226.94,226.94
15,1,26.05,1,124.84,174.84,174.84
15,0,26.05,1,72.74,122.74,122.74
16,3,17.11,1,54.78,104.78,104.78
16,2,17.11,0,20.56,70.56,20.56
16,1,17.11,0,0,36.34,0
16,0,17.11,0,0,2.12,0
17,3,27.77,1,175.77,225.77,225.77
17,2,27.77,1,120.23,170.23,170.23
17,1,27.77,1,64.69,114.69,114.69
17,0,27.77,1,9.15,59.15,59.15
18,3,16.3,1,60.21,110.21,110.21
18,2,16.3,0,27.61,77.61,27.61
18,1,16.3,1,0,45.01,45.01
18,0,16.3,0,0,12.41,0
19,3,18.57,0,122.1,172.1,122.1
19,2,18.57,1,84.96,134.96,134.96
19,1,18.57,0,47.82,97.82,47.82
19,0,18.57,0,10.68,60.68,10.68
20,3,21.41,0,169.01,219.01,169.01
20,2,21.41,1,126.19,176.19,176.19
20,1,21.41,0,83.37,133.37,83.37
20,0,21.41,0,40.55,90.55,40.55
21,3,22.86,1,94.99,144.99,144.99
21,2,22.86,1,49.27,99.27,99.27
21,1,22.86,0,3.55,53.55,3.55
21,0,22.86,1,0,7.83,7.83
22,3,18.14,0,174.22,224.22,174.22
22,2,18.14,0,137.94,187.94,137.94
22,1,18.14,0,101.66,151.66,101.66
22,0,18.14,1,65.38,115.38,115.38
23,3,17.84,0,159.96,209.96,159.96
23,2,17.84,1,124.28,174.28,174.28
23,1,17.84,1,88.6,138.6,138.6
23,0,17.84,0,52.92,102.92,52.92
24,3,16.6,1,131.32,181.32,181.32
24,2,16.6,0,98.12,148.12,98.12
24,1,16.6,0,64.92,114.92,64.92
24,0,16.6,1,31.72,81.72,81.72
25,3,11.35,0,114.49,164.49,114.49
25,2,11.35,1,91.79,141.79,141.79
25,1,11.35,1,69.09,119.09,119.09
25,0,11.35,0,46.39,96.39,46.39
26,3,13.05,1,47.16,97.16,97.16
26,2,13.05,0,21.06,71.06,21.06
26,1,13.05,0,0,44.96,0
26,0,13.05,0,0,18.86,0
27,3,26.07,0,166.35,216.35,166.35
27,2,26.07,1,114.21,164.21,164.21
27,1,26.07,0,62.07,112.07,62.07
27,0,26.07,1,9.93,59.93,59.93
28,3,14.98,0,48.07,98.07,48.07
28,2,14.98,1,18.11,68.11,68.11
28,1,14.98,1,0,38.15,38.15
28,0,14.98,0,0,8.19,0
29,3,24.5,1,148.11,198.11,198.11
29,2,24.5,1,99.11,149.11,149.11
29,1,24.5,1,50.11,100.11,100.11
29,0,24.5,1,1.11,51.11,51.11
30,3,13.82,1,113.26,163.26,163.26
30,2,13.82,0,85.62,135.62,85.62
30,1,13.82,0,57.98,107.98,57.98
30,0,13.82,0,30.34,80.34,30.34
31,3,18.7,1,86.32,136.32,136.32
31,2,18.7,0,48.92,98.92,48.92
31,1,18.7,0,11.52,61.52,11.52
31,0,18.7,1,0,24.12,24.12
32,3,26.93,1,158.67,208.67,208.67
32,2,26.93,1,104.81,154.81,154.81
32,1,26.93,0,50.95,100.95,50.95
32,0,26.93,1,0,47.09,47.09
33,3,23.7,1,121.54,171.54,171.54
33,2,23.7,0,74.14,124.14,74.14
33,1,23.7,1,26.74,76.74,76.74
33,0,23.7,1,0,29.34,29.34
34,3,19.05,1,81.09,131.09,131.09
34,2,19.05,0,42.99,92.99,42.99
34,1,19.05,1,4.89,54.89,54.89
34,0,19.05,0,0,16.79,0
35,3,13.26,1,49.26,99.26,99.26
35,2,13.26,0,22.74,72.74,22.74
35,1,13.26,1,0,46.22,46.22
35,0,13.26,0,0,19.7,0
36,3,42.96,1,290.09,340.09,340.09
36,2,42.96,1,204.17,254.17,254.17
36,1,42.96,1,118.25,168.25,168.25
36,0,42.96,1,32.33,82.33,82.33
37,3,22.69,1,92.96,142.96,142.96
37,2,22.69,0,47.58,97.58,47.58
37,1,22.69,1,2.2,52.2,52.2
37,0,22.69,1,0,6.82,6.82
38,3,20.15,0,142.77,192.77,142.77
38,2,20.15,1,102.47,152.47,152.47
38,1,20.15,0,62.17,112.17,62.17
38,0,20.15,1,21.87,71.87,71.87
39,3,17.7,1,196.89,246.89,246.89
39,2,17.7,0,161.49,211.49,161.49
39,1,17.7,0,126.09,176.09,126.09
39,0,17.7,0,90.69,140.69,90.69
40,3,22.66,1,185.72,235.72,235.72
40,2,22.66,0,140.4,190.4,140.4
40,1,22.66,1,95.08,145.08,145.08
40,0,22.66,1,49.76,99.76,99.76
41,3,20.3,1,122.51,172.51,172.51
41,2,20.3,1,81.91,131.91,131.91
41,1,20.3,1,41.31,91.31,91.31
41,0,20.3,0,0.71,50.71,0.71
42,3,22.03,1,99.83,149.83,149.83
42,2,22.03,1,55.77,105.77,105.77
42,1,22.03,0,11.71,61.71,11.71
42,0,22.03,1,0,17.65,17.65
43,3,21.37,0,102.23,152.23,102.23
43,2,21.37,1,59.49,109.49,109.49
43,1,21.37,0,16.75,66.75,16.75
43,0,21.37,0,0,24.01,0
44,3,19.02,1,207.76,257.76,257.76
44,2,19.02,1,169.72,219.72,219.72
44,1,19.02,1,131.68,181.68,181.68
44,0,19.02,0,93.64,143.64,93.64
45,3,18.86,1,124.56,174.56,174.56
45,2,18.86,1,86.84,136.84,136.84
45,1,18.86,1,49.12,99.12,99.12
45,0,18.86,0,11.4,61.4,11.4
46,3,24.96,1,132.87,182.87,182.87
46,2,24.96,1,82.95,132.95,132.95
46,1,24.96,0,33.03,83.03,33.03
46,0,24.96,1,0,33.11,33.11
47,3,15.13,1,105.46,155.46,155.46
47,2,15.13,1,75.2,125.2,125.2
47,1,15.13,1,44.94,94.94,94.94
47,0,15.13,0,14.68,64.68,14.68
48,3,19.37,1,230.6,280.6,280.6
48,2,19.37,1,191.86,241.86,241.86
48,1,19.37,1,153.12,203.12,203.12
48,0,19.37,1,114.38,164.38,164.38
49,3,25.28,1,172.97,222.97,222.97
49,2,25.28,1,122.41,172.41,172.41
49,1,25.28,1,71.85,121.85,121.85
49,0,25.28,1,21.29,71.29,71.29
50,3,19.54,0,157.64,207.64,157.64
50,2,19.54,1,118.56,168.56,168.56
50,1,19.54,0,79.48,129.48,79.48
50,0,19.54,0,40.4,90.4,40.4
51,3,20.3,1,147.11,197.11,197.11
51,2,20.3,0,106.51,156.51,106.51
51,1,20.3,0,65.91,115.91,65.91
51,0,20.3,0,25.31,75.31,25.31
52,3,10.49,0,45.82,95.82,45.82
52,2,10.49,0,24.84,74.84,24.84
52,1,10.49,0,3.86,53.86,3.86
52,0,10.49,0,0,32.88,0
53,3,17.14,1,52.85,102.85,102.85
53,2,17.14,0,18.57,68.57,18.57
53,1,17.14,0,0,34.29,0
53,0,17.14,0,0,0.01,0
54,3,18.33,0,100.84,150.84,100.84
54,2,18.33,1,64.18,114.18,114.18
54,1,18.33,0,27.52,77.52,27.52
54,0,18.33,0,0,40.86,0
55,3,22.02,1,133.7,183.7,183.7
55,2,22.02,0,89.66,139.66,89.66
55,1,22.02,0,45.62,95.62,45.62
55,0,22.02,1,1.58,51.58,51.58
56,3,28.27,1,217.22,267.22,267.22
56,2,28.27,1,160.68,210.68,210.68
56,1,28.27,0,104.14,154.14,104.14
56,0,28.27,1,47.6,97.6,97.6
57,3,22.75,1,191.2,241.2,241.2
57,2,22.75,1,145.7,195.7,195.7
57,1,22.75,1,100.2,150.2,150.2
57,0,22.75,1,54.7,104.7,104.7
58,3,24.37,1,207.15,257.15,257.15
58,2,24.37,1,158.41,208.41,208.41
58,1,24.37,1,109.67,159.67,159.67
58,0,24.37,1,60.93,110.93,110.93
59,3,15.28,0,111.24,161.24,111.24
59,2,15.28,1,80.68,130.68,130.68
59,1,15.28,0,50.12,100.12,50.12
59,0,15.28,0,19.56,69.56,19.56
60,3,21.95,0,187.91,237.91,187.91
60,2,21.95,1,144.01,194.01,194.01
60,1,21.95,1,100.11,150.11,150.11
60,0,21.95,1,56.21,106.21,106.21
61,3,13.87,1,49.37,99.37,99.37
61,2,13.87,0,21.63,71.63,21.63
61,1,13.87,0,0,43.89,0
61,0,13.87,0,0,16.15,0
62,3,17.46,1,174.86,224.86,224.86
62,2,17.46,0,139.94,189.94,139.94
62,1,17.46,1,105.02,155.02,155.02
62,0,17.46,0,70.1,120.1,70.1
63,3,14.27,0,115.54,165.54,115.54
63,2,14.27,1,87,137,137
63,1,14.27,1,58.46,108.46,108.46
63,0,14.27,0,29.92,79.92,29.92
64,3,26.94,1,163.68,213.68,213.68
64,2,26.94,1,109.8,159.8,159.8
64,1,26.94,1,55.92,105.92,105.92
64,0,26.94,1,2.04,52.04,52.04
65,3,23.36,1,177.95,227.95,227.95
65,2,23.36,1,131.23,181.23,181.23
65,1,23.36,0,84.51,134.51,84.51
65,0,23.36,0,37.79,87.79,37.79
66,3,16.86,1,104.24,154.24,154.24
66,2,16.86,0,70.52,120.52,70.52
66,1,16.86,0,36.8,86.8,36.8
66,0,16.86,0,3.08,53.08,3.08
67,3,25.62,0,225.92,275.92,225.92
67,2,25.62,1,174.68,224.68,224.68
67,1,25.62,1,123.44,173.44,173.44
67,0,25.62,1,72.2,122.2,122.2
68,3,15.35,1,173.44,223.44,223.44
68,2,15.35,1,142.74,192.74,192.74
68,1,15.35,0,112.04,162.04,112.04
68,0,15.35,0,81.34,131.34,81.34
69,3,21.46,1,249.5,299.5,299.5
69,2,21.46,1,206.58,256.58,256.58
69,1,21.46,1,163.66,213.66,213.66
69,0,21.46,0,120.74,170.74,120.74
70,3,12.64,0,8.66,58.66,8.66
70,2,12.64,0,0,33.38,0
70,1,12.64,0,0,8.1,0
70,0,12.64,0,0,0,0
71,3,23.86,0,84.81,134.81,84.81
71,2,23.86,1,37.09,87.09,87.09
71,1,23.86,1,0,39.37,39.37
71,0,23.86,1,0,0,0
72,3,20.52,0,108.42,158.42,108.42
72,2,20.52,1,67.38,117.38,117.38
72,1,20.52,0,26.34,76.34,26.34
72,0,20.52,0,0,35.3,0
73,3,23.15,0,160.05,210.05,160.05
73,2,23.15,0,113.75,163.75,113.75
73,1,23.15,1,67.45,117.45,117.45
73,0,23.15,0,21.15,71.15,21.15
74,3,13.7,0,129.71,179.71,129.71
74,2,13.7,0,102.31,152.31,102.31
74,1,13.7,1,74.91,124.91,124.91
74,0,13.7,0,47.51,97.51,47.51
75,3,19.49,0,142.21,192.21,142.21
75,2,19.49,0,103.23,153.23,103.23
75,1,19.49,1,64.25,114.25,114.25
75,0,19.49,0,25.27,75.27,25.27
76,3,18.67,1,19.58,69.58,69.58
76,2,18.67,1,0,32.24,32.24
76,1,18.67,0,0,0,0
76,0,18.67,0,0,0,0
77,3,17.15,0,94.74,144.74,94.74
77,2,17.15,1,60.44,110.44,110.44
77,1,17.15,0,26.14,76.14,26.14
77,0,17.15,0,0,41.84,0
78,3,22.02,1,185.54,235.54,235.54
78,2,22.02,0,141.5,191.5,141.5
78,1,22.02,1,97.46,147.46,147.46
78,0,22.02,0,53.42,103.42,53.42
79,3,24.37,1,172.09,222.09,222.09
79,2,24.37,1,123.35,173.35,173.35
79,1,24.37,1,74.61,124.61,124.61
79,0,24.37,1,25.87,75.87,75.87
80,3,24.81,1,201.77,251.77,251.77
80,2,24.81,1,152.15,202.15,202.15
80,1,24.81,0,102.53,152.53,102.53
80,0,24.81,0,52.91,102.91,52.91
81,3,15.41,0,86.75,136.75,86.75
81,2,15.41,0,55.93,105.93,55.93
81,1,15.41,0,25.11,75.11,25.11
81,0,15.41,0,0,44.29,0
82,3,23.1,1,141.66,191.66,191.66
82,2,23.1,0,95.46,145.46,95.46
82,1,23.1,0,49.26,99.26,49.26
82,0,23.1,1,3.06,53.06,53.06
83,3,17.49,1,121.76,171.76,171.76
83,2,17.49,1,86.78,136.78,136.78
83,1,17.49,1,51.8,101.8,101.8
83,0,17.49,1,16.82,66.82,66.82
84,3,18.94,1,143.08,193.08,193.08
84,2,18.94,1,105.2,155.2,155.2
84,1,18.94,1,67.32,117.32,117.32
84,0,18.94,1,29.44,79.44,79.44
85,3,27.51,1,192.48,242.48,242.48
85,2,27.51,1,137.46,187.46,187.46
85,1,27.51,1,82.44,132.44,132.44
85,0,27.51,1,27.42,77.42,77.42
86,3,25.52,0,174.59,224.59,174.59
86,2,25.52,1,123.55,173.55,173.55
86,1,25.52,1,72.51,122.51,122.51
86,0,25.52,1,21.47,71.47,71.47
87,3,24.8,1,130.07,180.07,180.07
87,2,24.8,0,80.47,130.47,80.47
87,1,24.8,1,30.87,80.87,80.87
87,0,24.8,1,0,31.27,31.27
88,3,19.85,0,147.83,197.83,147.83
88,2,19.85,0,108.13,158.13,108.13
88,1,19.85,1,68.43,118.43,118.43
88,0,19.85,0,28.73,78.73,28.73
89,3,19.2,0,130.49,180.49,130.49
89,2,19.2,1,92.09,142.09,142.09
89,1,19.2,0,53.69,103.69,53.69
89,0,19.2,0,15.29,65.29,15.29
90,3,9.7,0,114.37,164.37,114.37
90,2,9.7,1,94.97,144.97,144.97
90,1,9.7,0,75.57,125.57,75.57
90,0,9.7,0,56.17,106.17,56.17
91,3,22.9,1,210.25,260.25,260.25
91,2,22.9,1,164.45,214.45,214.45
91,1,22.9,1,118.65,168.65,168.65
91,0,22.9,0,72.85,122.85,72.85
92,3,17.62,1,122.6,172.6,172.6
92,2,17.62,1,87.36,137.36,137.36
92,1,17.62,1,52.12,102.12,102.12
92,0,17.62,0,16.88,66.88,16.88
93,3,15.37,1,78.83,128.83,128.83
93,2,15.37,0,48.09,98.09,48.09
93,1,15.37,0,17.35,67.35,17.35
93,0,15.37,0,0,36.61,0
94,3,21.1,0,105.76,155.76,105.76
94,2,21.1,0,63.56,113.56,63.56
94,1,21.1,1,21.36,71.36,71.36
94,0,21.1,1,0,29.16,29.16
95,3,21.54,1,161.95,211.95,211.95
95,2,21.54,1,118.87,168.87,168.87
95,1,21.54,0,75.79,125.79,75.79
95,0,21.54,0,32.71,82.71,32.71
96,3,23.73,1,159.98,209.98,209.98
96,2,23.73,1,112.52,162.52,162.52
96,1,23.73,1,65.06,115.06,115.06
96,0,23.73,0,17.6,67.6,17.6
97,3,21.11,0,120.58,170.58,120.58
97,2,21.11,1,78.36,128.36,128.36
97,1,21.11,1,36.14,86.14,86.14
97,0,21.11,0,0,43.92,0
98,3,19.58,1,129.24,179.24,179.24
98,2,19.58,0,90.08,140.08,90.08
98,1,19.58,1,50.92,100.92,100.92
98,0,19.58,1,11.76,61.76,61.76
99,3,21.48,0,109.36,159.36,109.36
99,2,21.48,1,66.4,116.4,116.4
99,1,21.48,0,23.44,73.44,23.44
99,0,21.48,0,0,30.48,0
100,3,15.57,1,133.89,183.89,183.89
100,2,15.57,1,102.75,152.75,152.75
100,1,15.57,0,71.61,121.61,71.61
100,0,15.57,1,40.47,90.47,90.47
101,3,29.47,1,173.93,223.93,223.93
101,2,29.47,1,114.99,164.99,164.99
101,1,29.47,1,56.05,106.05,106.05
101,0,29.47,1,0,47.11,47.11
102,3,14.12,0,150.07,200.07,150.07
102,2,14.12,1,121.83,171.83,171.83
102,1,14.12,1,93.59,143.59,143.59
102,0,14.12,0,65.35,115.35,65.35
103,3,23.19,0,172.5,222.5,172.5
103,2,23.19,1,126.12,176.12,176.12
103,1,23.19,0,79.74,129.74,79.74
103,0,23.19,1,33.36,83.36,83.36
104,3,20.3,0,161.78,211.78,161.78
104,2,20.3,1,121.18,171.18,171.18
104,1,20.3,1,80.58,130.58,130.58
104,0,20.3,0,39.98,89.98,39.98
105,3,15.84,1,46.13,96.13,96.13
105,2,15.84,1,14.45,64.45,64.45
105,1,15.84,0,0,32.77,0
105,0,15.84,0,0,1.09,0
106,3,18.87,0,130.56,180.56,130.56
106,2,18.87,1,92.82,142.82,142.82
106,1,18.87,1,55.08,105.08,105.08
106,0,18.87,0,17.34,67.34,17.34
107,3,18.5,1,156.53,206.53,206.53
107,2,18.5,0,119.53,169.53,119.53
107,1,18.5,0,82.53,132.53,82.53
107,0,18.5,1,45.53,95.53,95.53
108,3,19.09,1,75.94,125.94,125.94
108,2,19.09,0,37.76,87.76,37.76
108,1,19.09,0,0,49.58,0
108,0,19.09,0,0,11.4,0
109,3,14.88,1,80.85,130.85,130.85
109,2,14.88,1,51.09,101.09,101.09
109,1,14.88,0,21.33,71.33,21.33
109,0,14.88,0,0,41.57,0
110,3,17.7,1,115.53,165.53,165.53
110,2,17.7,1,80.13,130.13,130.13
110,1,17.7,0,44.73,94.73,44.73
110,0,17.7,0,9.33,59.33,9.33
111,3,19.4,0,57.14,107.14,57.14
111,2,19.4,1,18.34,68.34,68.34
111,1,19.4,0,0,29.54,0
111,0,19.4,0,0,0,0
112,3,26.82,1,193.5,243.5,243.5
112,2,26.82,1,139.86,189.86,189.86
112,1,26.82,1,86.22,136.22,136.22
112,0,26.82,1,32.58,82.58,82.58
113,3,14.27,0,132.2,182.2,132.2
113,2,14.27,0,103.66,153.66,103.66
113,1,14.27,0,75.12,125.12,75.12
113,0,14.27,0,46.58,96.58,46.58
114,3,26.03,1,129.23,179.23,179.23
114,2,26.03,1,77.17,127.17,127.17
114,1,26.03,1,25.11,75.11,75.11
114,0,26.03,0,0,23.05,0
115,3,17.15,1,127.58,177.58,177.58
115,2,17.15,0,93.28,143.28,93.28
115,1,17.15,0,58.98,108.98,58.98
115,0,17.15,0,24.68,74.68,24.68
116,3,11.11,0,2.16,52.16,2.16
116,2,11.11,1,0,29.94,29.94
116,1,11.11,0,0,7.72,0
116,0,11.11,0,0,0,0
117,3,20.97,0,134.86,184.86,134.86
117,2,20.97,0,92.92,142.92,92.92
117,1,20.97,1,50.98,100.98,100.98
117,0,20.97,0,9.04,59.04,9.04
118,3,27.09,1,98.84,148.84,148.84
118,2,27.09,1,44.66,94.66,94.66
118,1,27.09,1,0,40.48,40.48
118,0,27.09,1,0,0,0
119,3,21.08,0,193.63,243.63,193.63
119,2,21.08,1,151.47,201.47,201.47
119,1,21.08,1,109.31,159.31,159.31
119,0,21.08,0,67.15,117.15,67.15
120,3,18.82,0,142.19,192.19,142.19
120,2,18.82,0,104.55,154.55,104.55
120,1,18.82,1,66.91,116.91,116.91
120,0,18.82,1,29.27,79.27,79.27
121,3,24.17,1,157.96,207.96,207.96
121,2,24.17,0,109.62,159.62,109.62
121,1,24.17,1,61.28,111.28,111.28
121,0,24.17,1,12.94,62.94,62.94
122,3,17.52,0,73.88,123.88,73.88
122,2,17.52,1,38.84,88.84,88.84
122,1,17.52,0,3.8,53.8,3.8
122,0,17.52,1,0,18.76,18.76
123,3,19.75,1,191.94,241.94,241.94
123,2,19.75,1,152.44,202.44,202.44
123,1,19.75,0,112.94,162.94,112.94
123,0,19.75,1,73.44,123.44,123.44
124,3,20.15,1,229.41,279.41,279.41
124,2,20.15,1,189.11,239.11,239.11
124,1,20.15,0,148.81,198.81,148.81
124,0,20.15,0,108.51,158.51,108.51
125,3,19.8,1,35.7,85.7,85.7
125,2,19.8,0,0,46.1,0
125,1,19.8,0,0,6.5,0
125,0,19.8,1,0,0,0
126,3,24.27,0,221.7,271.7,221.7
126,2,24.27,1,173.16,223.16,223.16
126,1,24.27,1,124.62,174.62,174.62
126,0,24.27,0,76.08,126.08,76.08
127,3,23.06,0,232.8,282.8,232.8
127,2,23.06,1,186.68,236.68,236.68
127,1,23.06,1,140.56,190.56,190.56
127,0,23.06,0,94.44,144.44,94.44
128,3,18.03,0,133.11,183.11,133.11
128,2,18.03,1,97.05,147.05,147.05
128,1,18.03,0,60.99,110.99,60.99
128,0,18.03,0,24.93,74.93,24.93
129,3,15.5,1,38.54,88.54,88.54
129,2,15.5,0,7.54,57.54,7.54
129,1,15.5,0,0,26.54,0
129,0,15.5,0,0,0,0
130,3,9.96,1,102.89,152.89,152.89
130,2,9.96,1,82.97,132.97,132.97
130,1,9.96,1,63.05,113.05,113.05
130,0,9.96,0,43.13,93.13,43.13
131,3,14.76,0,84.27,134.27,84.27
131,2,14.76,0,54.75,104.75,54.75
131,1,14.76,0,25.23,75.23,25.23
131,0,14.76,0,0,45.71,0
132,3,13.54,0,54.58,104.58,54.58
132,2,13.54,0,27.5,77.5,27.5
132,1,13.54,0,0.42,50.42,0.42
132,0,13.54,0,0,23.34,0
133,3,17.07,1,47.99,97.99,97.99
133,2,17.07,0,13.85,63.85,13.85
133,1,17.07,0,0,29.71,0
133,0,17.07,0,0,0,0
134,3,22.12,1,172.37,222.37,222.37
134,2,22.12,1,128.13,178.13,178.13
134,1,22.12,0,83.89,133.89,83.89
134,0,22.12,0,39.65,89.65,39.65
135,3,19.68,0,167.4,217.4,167.4
135,2,19.68,1,128.04,178.04,178.04
135,1,19.68,0,88.68,138.68,88.68
135,0,19.68,0,49.32,99.32,49.32
136,3,27.3,0,149.92,199.92,149.92
136,2,27.3,0,95.32,145.32,95.32
136,1,27.3,1,40.72,90.72,90.72
136,0,27.3,1,0,36.12,36.12
137,3,19.67,1,153.72,203.72,203.72
137,2,19.67,0,114.38,164.38,114.38
137,1,19.67,1,75.04,125.04,125.04
137,0,19.67,0,35.7,85.7,35.7
138,3,25.98,1,114.64,164.64,164.64
138,2,25.98,1,62.68,112.68,112.68
138,1,25.98,1,10.72,60.72,60.72
138,0,25.98,1,0,8.76,8.76
139,3,17.78,1,154.55,204.55,204.55
139,2,17.78,0,118.99,168.99,118.99
139,1,17.78,1,83.43,133.43,133.43
139,0,17.78,1,47.87,97.87,97.87
140,3,15.74,0,102.51,152.51,102.51
140,2,15.74,1,71.03,121.03,121.03
140,1,15.74,0,39.55,89.55,39.55
140,0,15.74,0,8.07,58.07,8.07
141,3,16.71,1,97.64,147.64,147.64
141,2,16.71,0,64.22,114.22,64.22
141,1,16.71,0,30.8,80.8,30.8
141,0,16.71,0,0,47.38,0
142,3,27.31,1,176.08,226.08,226.08
142,2,27.31,1,121.46,171.46,171.46
142,1,27.31,0,66.84,116.84,66.84
142,0,27.31,1,12.22,62.22,62.22
143,3,15,0,138.44,188.44,138.44
143,2,15,0,108.44,158.44,108.44
143,1,15,1,78.44,128.44,128.44
143,0,15,0,48.44,98.44,48.44
144,3,15.22,0,134.06,184.06,134.06
144,2,15.22,1,103.62,153.62,153.62
144,1,15.22,0,73.18,123.18,73.18
144,0,15.22,0,42.74,92.74,42.74
145,3,28.21,0,213.94,263.94,213.94
145,2,28.21,1,157.52,207.52,207.52
145,1,28.21,0,101.1,151.1,101.1
145,0,28.21,1,44.68,94.68,94.68
146,3,21.96,1,150.61,200.61,200.61
146,2,21.96,1,106.69,156.69,156.69
146,1,21.96,0,62.77,112.77,62.77
146,0,21.96,0,18.85,68.85,18.85
147,3,20.74,0,139.07,189.07,139.07
147,2,20.74,0,97.59,147.59,97.59
147,1,20.74,0,56.11,106.11,56.11
147,0,20.74,1,14.63,64.63,64.63
148,3,11.61,1,102.19,152.19,152.19
148,2,11.61,0,78.97,128.97,78.97
148,1,11.61,1,55.75,105.75,105.75
148,0,11.61,0,32.53,82.53,32.53
149,3,18.07,0,128.11,178.11,128.11
149,2,18.07,1,91.97,141.97,141.97
149,1,18.07,1,55.83,105.83,105.83
149,0,18.07,0,19.69,69.69,19.69
150,3,24.21,1,193.6,243.6,243.6
150,2,24.21,0,145.18,195.18,145.18
150,1,24.21,0,96.76,146.76,96.76
150,0,24.21,1,48.34,98.34,98.34
151,3,20.09,1,115.12,165.12,165.12
151,2,20.09,0,74.94,124.94,74.94
151,1,20.09,0,34.76,84.76,34.76
151,0,20.09,1,0,44.58,44.58
152,3,16.1,0,0,30.96,0
152,2,16.1,0,0,0,0
152,1,16.1,0,0,0,0
152,0,16.1,1,0,0,0
153,3,15.81,1,152.61,202.61,202.61
153,2,15.81,1,120.99,170.99,170.99
153,1,15.81,1,89.37,139.37,139.37
153,0,15.81,0,57.75,107.75,57.75
154,3,22.83,0,259.16,309.16,259.16
154,2,22.83,1,213.5,263.5,263.5
154,1,22.83,1,167.84,217.84,217.84
154,0,22.83,0,122.18,172.18,122.18
155,3,15.16,0,118.19,168.19,118.19
155,2,15.16,0,87.87,137.87,87.87
155,1,15.16,1,57.55,107.55,107.55
155,0,15.16,0,27.23,77.23,27.23
156,3,18.12,1,111.83,161.83,161.83
156,2,18.12,0,75.59,125.59,75.59
156,1,18.12,0,39.35,89.35,39.35
156,0,18.12,0,3.11,53.11,3.11
157,3,21.99,1,137.11,187.11,187.11
157,2,21.99,1,93.13,143.13,143.13
157,1,21.99,0,49.15,99.15,49.15
157,0,21.99,1,5.17,55.17,55.17
158,3,16.3,0,98.15,148.15,98.15
158,2,16.3,0,65.55,115.55,65.55
158,1,16.3,0,32.95,82.95,32.95
158,0,16.3,0,0.35,50.35,0.35
159,3,19.89,1,130.1,180.1,180.1
159,2,19.89,0,90.32,140.32,90.32
159,1,19.89,0,50.54,100.54,50.54
159,0,19.89,0,10.76,60.76,10.76
160,3,17.14,1,53.88,103.88,103.88
160,2,17.14,1,19.6,69.6,69.6
160,1,17.14,0,0,35.32,0
160,0,17.14,0,0,1.04,0
161,3,23.74,1,130.33,180.33,180.33
161,2,23.74,1,82.85,132.85,132.85
161,1,23.74,1,35.37,85.37,85.37
161,0,23.74,0,0,37.89,0
162,3,21.62,0,91.49,141.49,91.49
162,2,21.62,1,48.25,98.25,98.25
162,1,21.62,1,5.01,55.01,55.01
162,0,21.62,0,0,11.77,0
163,3,19.89,1,141.67,191.67,191.67
163,2,19.89,0,101.89,151.89,101.89
163,1,19.89,1,62.11,112.11,112.11
163,0,19.89,1,22.33,72.33,72.33
164,3,25,0,150.17,200.17,150.17
164,2,25,1,100.17,150.17,150.17
164,1,25,0,50.17,100.17,50.17
164,0,25,0,0.17,50.17,0.17
165,3,16.71,1,131.73,181.73,181.73
165,2,16.71,1,98.31,148.31,148.31
165,1,16.71,1,64.89,114.89,114.89
165,0,16.71,0,31.47,81.47,31.47
166,3,23.5,1,145.76,195.76,195.76
166,2,23.5,1,98.76,148.76,148.76
166,1,23.5,0,51.76,101.76,51.76
166,0,23.5,1,4.76,54.76,54.76
167,3,23.33,1,202.63,252.63,252.63
167,2,23.33,1,155.97,205.97,205.97
167,1,23.33,1,109.31,159.31,159.31
167,0,23.33,0,62.65,112.65,62.65
168,3,19.26,0,135.5,185.5,135.5
168,2,19.26,0,96.98,146.98,96.98
168,1,19.26,0,58.46,108.46,58.46
168,0,19.26,0,19.94,69.94,19.94
169,3,18.63,0,229.94,279.94,229.94
169,2,18.63,0,192.68,242.68,192.68
169,1,18.63,1,155.42,205.42,205.42
169,0,18.63,1,118.16,168.16,168.16
170,3,16.5,0,10.68,60.68,10.68
170,2,16.5,1,0,27.68,27.68
170,1,16.5,1,0,0,0
170,0,16.5,0,0,0,0
171,3,29.07,1,161.14,211.14,211.14
171,2,29.07,1,103,153,153
171,1,29.07,1,44.86,94.86,94.86
171,0,29.07,1,0,36.72,36.72
172,3,17.25,1,155.82,205.82,205.82
172,2,17.25,0,121.32,171.32,121.32
172,1,17.25,0,86.82,136.82,86.82
172,0,17.25,0,52.32,102.32,52.32
173,3,15.32,0,223.66,273.66,223.66
173,2,15.32,1,193.02,243.02,243.02
173,1,15.32,0,162.38,212.38,162.38
173,0,15.32,0,131.74,181.74,131.74
174,3,32.28,0,203.53,253.53,203.53
174,2,32.28,1,138.97,188.97,188.97
174,1,32.28,0,74.41,124.41,74.41
174,0,32.28,1,9.85,59.85,59.85
175,3,20.78,1,137.64,187.64,187.64
175,2,20.78,0,96.08,146.08,96.08
175,1,20.78,1,54.52,104.52,104.52
175,0,20.78,0,12.96,62.96,12.96
176,3,18.26,1,106.5,156.5,156.5
176,2,18.26,0,69.98,119.98,69.98
176,1,18.26,0,33.46,83.46,33.46
176,0,18.26,1,0,46.94,46.94
177,3,19.53,0,193.28,243.28,193.28
177,2,19.53,1,154.22,204.22,204.22
177,1,19.53,0,115.16,165.16,115.16
177,0,19.53,1,76.1,126.1,126.1
178,3,19.13,0,109.54,159.54,109.54
178,2,19.13,0,71.28,121.28,71.28
178,1,19.13,0,33.02,83.02,33.02
178,0,19.13,0,0,44.76,0
179,3,16.8,1,141.6,191.6,191.6
179,2,16.8,0,108,158,108
179,1,16.8,0,74.4,124.4,74.4
179,0,16.8,0,40.8,90.8,40.8
180,3,15.3,1,81.11,131.11,131.11
180,2,15.3,0,50.51,100.51,50.51
180,1,15.3,0,19.91,69.91,19.91
180,0,15.3,0,0,39.31,0
181,3,19.33,0,61.68,111.68,61.68
181,2,19.33,1,23.02,73.02,73.02
181,1,19.33,0,0,34.36,0
181,0,19.33,1,0,0,0
182,3,19.59,1,142.81,192.81,192.81
182,2,19.59,0,103.63,153.63,103.63
182,1,19.59,0,64.45,114.45,64.45
182,0,19.59,1,25.27,75.27,75.27
183,3,17.12,1,135,185,185
183,2,17.12,1,100.76,150.76,150.76
183,1,17.12,0,66.52,116.52,66.52
183,0,17.12,0,32.28,82.28,32.28
184,3,20.32,1,196.9,246.9,246.9
184,2,20.32,1,156.26,206.26,206.26
184,1,20.32,0,115.62,165.62,115.62
184,0,20.32,1,74.98,124.98,124.98
185,3,22.31,1,140.65,190.65,190.65
185,2,22.31,0,96.03,146.03,96.03
185,1,22.31,0,51.41,101.41,51.41
185,0,22.31,0,6.79,56.79,6.79
186,3,19.01,0,92.2,142.2,92.2
186,2,19.01,0,54.18,104.18,54.18
186,1,19.01,0,16.16,66.16,16.16
186,0,19.01,0,0,28.14,0
187,3,24.01,1,186.21,236.21,236.21
187,2,24.01,1,138.19,188.19,188.19
187,1,24.01,0,90.17,140.17,90.17
187,0,24.01,1,42.15,92.15,92.15
188,3,17.79,1,126.57,176.57,176.57
188,2,17.79,0,90.99,140.99,90.99
188,1,17.79,0,55.41,105.41,55.41
188,0,17.79,1,19.83,69.83,69.83
189,3,20.5,1,147.53,197.53,197.53
189,2,20.5,1,106.53,156.53,156.53
189,1,20.5,1,65.53,115.53,115.53
189,0,20.5,1,24.53,74.53,74.53
190,3,27.07,1,175.83,225.83,225.83
190,2,27.07,1,121.69,171.69,171.69
190,1,27.07,0,67.55,117.55,67.55
190,0,27.07,1,13.41,63.41,63.41
191,3,22.82,1,207.76,257.76,257.76
191,2,22.82,1,162.12,212.12,212.12
191,1,22.82,0,116.48,166.48,116.48
191,0,22.82,0,70.84,120.84,70.84
192,3,22.48,1,165.83,215.83,215.83
192,2,22.48,1,120.87,170.87,170.87
192,1,22.48,0,75.91,125.91,75.91
192,0,22.48,1,30.95,80.95,80.95
193,3,31.69,1,307.06,357.06,357.06
193,2,31.69,1,243.68,293.68,293.68
193,1,31.69,1,180.3,230.3,230.3
193,0,31.69,1,116.92,166.92,166.92
194,3,18.73,1,176.66,226.66,226.66
194,2,18.73,1,139.2,189.2,189.2
194,1,18.73,1,101.74,151.74,151.74
194,0,18.73,0,64.28,114.28,64.28
195,3,24.55,1,194.8,244.8,244.8
195,2,24.55,1,145.7,195.7,195.7
195,1,24.55,0,96.6,146.6,96.6
195,0,24.55,1,47.5,97.5,97.5
196,3,22.09,0,63.26,113.26,63.26
196,2,22.09,0,19.08,69.08,19.08
196,1,22.09,0,0,24.9,0
196,0,22.09,0,0,0,0
197,3,17.63,1,143.53,193.53,193.53
197,2,17.63,1,108.27,158.27,158.27
197,1,17.63,1,73.01,123.01,123.01
197,0,17.63,0,37.75,87.75,37.75
198,3,22.8,1,170.61,220.61,220.61
198,2,22.8,1,125.01,175.01,175.01
198,1,22.8,0,79.41,129.41,79.41
198,0,22.8,0,33.81,83.81,33.81
199,3,32.52,1,258.19,308.19,308.19
199,2,32.52,1,193.15,243.15,243.15
199,1,32.52,1,128.11,178.11,178.11
199,0,32.52,0,63.07,113.07,63.07
200,3,22.52,1,199.86,249.86,249.86
200,2,22.52,0,154.82,204.82,154.82
200,1,22.52,1,109.78,159.78,159.78
200,0,22.52,0,64.74,114.74,64.74
201,3,18.16,0,97.08,147.08,97.08
201,2,18.16,0,60.76,110.76,60.76
201,1,18.16,0,24.44,74.44,24.44
201,0,18.16,0,0,38.12,0
202,3,21.92,1,184.64,234.64,234.64
202,2,21.92,0,140.8,190.8,140.8
202,1,21.92,1,96.96,146.96,146.96
202,0,21.92,1,53.12,103.12,103.12
203,3,14.11,0,60.65,110.65,60.65
203,2,14.11,0,32.43,82.43,32.43
203,1,14.11,0,4.21,54.21,4.21
203,0,14.11,0,0,25.99,0
204,3,20.87,1,233.83,283.83,283.83
204,2,20.87,1,192.09,242.09,242.09
204,1,20.87,0,150.35,200.35,150.35
204,0,20.87,1,108.61,158.61,158.61
205,3,18.53,0,53.11,103.11,53.11
205,2,18.53,0,16.05,66.05,16.05
205,1,18.53,0,0,28.99,0
205,0,18.53,1,0,0,0
206,3,24.75,0,75.22,125.22,75.22
206,2,24.75,0,25.72,75.72,25.72
206,1,24.75,0,0,26.22,0
206,0,24.75,0,0,0,0
207,3,13.01,1,0,48.53,48.53
207,2,13.01,1,0,22.51,22.51
207,1,13.01,0,0,0,0
207,0,13.01,1,0,0,0
208,3,19.89,0,84.7,134.7,84.7
208,2,19.89,0,44.92,94.92,44.92
208,1,19.89,1,5.14,55.14,55.14
208,0,19.89,0,0,15.36,0
209,3,22.69,1,92.87,142.87,142.87
209,2,22.69,1,47.49,97.49,97.49
209,1,22.69,0,2.11,52.11,2.11
209,0,22.69,1,0,6.73,6.73
210,3,20.41,0,230.67,280.67,230.67
210,2,20.41,0,189.85,239.85,189.85
210,1,20.41,0,149.03,199.03,149.03
210,0,20.41,1,108.21,158.21,158.21
211,3,23.32,1,136.92,186.92,186.92
211,2,23.32,1,90.28,140.28,140.28
211,1,23.32,0,43.64,93.64,43.64
211,0,23.32,1,0,47,47
212,3,20.09,0,63.5,113.5,63.5
212,2,20.09,0,23.32,73.32,23.32
212,1,20.09,1,0,33.14,33.14
212,0,20.09,0,0,0,0
213,3,20.03,1,185.93,235.93,235.93
213,2,20.03,1,145.87,195.87,195.87
213,1,20.03,0,105.81,155.81,105.81
213,0,20.03,0,65.75,115.75,65.75
214,3,17.7,1,84.57,134.57,134.57
214,2,17.7,0,49.17,99.17,49.17
214,1,17.7,0,13.77,63.77,13.77
214,0,17.7,0,0,28.37,0
215,3,28.24,1,125.84,175.84,175.84
215,2,28.24,1,69.36,119.36,119.36
215,1,28.24,1,12.88,62.88,62.88
215,0,28.24,1,0,6.4,6.4
216,3,21.49,1,184.22,234.22,234.22
216,2,21.49,1,141.24,191.24,191.24
216,1,21.49,1,98.26,148.26,148.26
216,0,21.49,0,55.28,105.28,55.28
217,3,18.83,1,152.98,202.98,202.98
217,2,18.83,0,115.32,165.32,115.32
217,1,18.83,1,77.66,127.66,127.66
217,0,18.83,0,40,90,40
218,3,13.55,1,63.1,113.1,113.1
218,2,13.55,0,36,86,36
218,1,13.55,0,8.9,58.9,8.9
218,0,13.55,0,0,31.8,0
219,3,22.35,1,216.83,266.83,266.83
219,2,22.35,1,172.13,222.13,222.13
219,1,22.35,1,127.43,177.43,177.43
219,0,22.35,1,82.73,132.73,132.73
220,3,21.94,1,150.04,200.04,200.04
220,2,21.94,1,106.16,156.16,156.16
220,1,21.94,0,62.28,112.28,62.28
220,0,21.94,0,18.4,68.4,18.4
221,3,13.76,0,167.17,217.17,167.17
221,2,13.76,0,139.65,189.65,139.65
221,1,13.76,1,112.13,162.13,162.13
221,0,13.76,0,84.61,134.61,84.61
222,3,22.51,1,172.71,222.71,222.71
222,2,22.51,1,127.69,177.69,177.69
222,1,22.51,1,82.67,132.67,132.67
222,0,22.51,1,37.65,87.65,87.65
223,3,23.16,1,230.06,280.06,280.06
223,2,23.16,0,183.74,233.74,183.74
223,1,23.16,0,137.42,187.42,137.42
223,0,23.16,1,91.1,141.1,141.1
224,3,29.49,0,201.9,251.9,201.9
224,2,29.49,1,142.92,192.92,192.92
224,1,29.49,1,83.94,133.94,133.94
224,0,29.49,1,24.96,74.96,74.96
225,3,17.1,1,48.71,98.71,98.71
225,2,17.1,1,14.51,64.51,64.51
225,1,17.1,0,0,30.31,0
225,0,17.1,0,0,0,0
226,3,25.28,1,289.43,339.43,339.43
226,2,25.28,1,238.87,288.87,288.87
226,1,25.28,1,188.31,238.31,238.31
226,0,25.28,1,137.75,187.75,187.75
227,3,24.8,1,136.31,186.31,186.31
227,2,24.8,1,86.71,136.71,136.71
227,1,24.8,0,37.11,87.11,37.11
227,0,24.8,1,0,37.51,37.51
228,3,23.21,0,142.53,192.53,142.53
228,2,23.21,0,96.11,146.11,96.11
228,1,23.21,0,49.69,99.69,49.69
228,0,23.21,0,3.27,53.27,3.27
229,3,22.94,1,115.56,165.56,165.56
229,2,22.94,1,69.68,119.68,119.68
229,1,22.94,1,23.8,73.8,73.8
229,0,22.94,0,0,27.92,0
230,3,17.97,1,105.62,155.62,155.62
230,2,17.97,0,69.68,119.68,69.68
230,1,17.97,1,33.74,83.74,83.74
230,0,17.97,1,0,47.8,47.8
231,3,14.91,1,106.5,156.5,156.5
231,2,14.91,0,76.68,126.68,76.68
231,1,14.91,0,46.86,96.86,46.86
231,0,14.91,0,17.04,67.04,17.04
232,3,26.44,1,185.17,235.17,235.17
232,2,26.44,1,132.29,182.29,182.29
232,1,26.44,1,79.41,129.41,129.41
232,0,26.44,1,26.53,76.53,76.53
233,3,22.46,1,180.27,230.27,230.27
233,2,22.46,1,135.35,185.35,185.35
233,1,22.46,0,90.43,140.43,90.43
233,0,22.46,0,45.51,95.51,45.51
234,3,18.42,1,208.55,258.55,258.55
234,2,18.42,1,171.71,221.71,221.71
234,1,18.42,0,134.87,184.87,134.87
234,0,18.42,1,98.03,148.03,148.03
235,3,16.05,0,96.33,146.33,96.33
235,2,16.05,1,64.23,114.23,114.23
235,1,16.05,0,32.13,82.13,32.13
235,0,16.05,0,0.03,50.03,0.03
236,3,27.83,1,123.15,173.15,173.15
236,2,27.83,1,67.49,117.49,117.49
236,1,27.83,1,11.83,61.83,61.83
236,0,27.83,1,0,6.17,6.17
237,3,23.74,0,97.06,147.06,97.06
237,2,23.74,1,49.58,99.58,99.58
237,1,23.74,1,2.1,52.1,52.1
237,0,23.74,1,0,4.62,4.62
238,3,18.68,0,87.47,137.47,87.47
238,2,18.68,0,50.11,100.11,50.11
238,1,18.68,0,12.75,62.75,12.75
238,0,18.68,0,0,25.39,0
239,3,13.51,1,0.86,50.86,50.86
239,2,13.51,0,0,23.84,0
239,1,13.51,0,0,0,0
239,0,13.51,0,0,0,0
240,3,24.09,0,199.88,249.88,199.88
240,2,24.09,0,151.7,201.7,151.7
240,1,24.09,1,103.52,153.52,153.52
240,0,24.09,1,55.34,105.34,105.34
241,3,24.19,0,134.42,184.42,134.42
241,2,24.19,1,86.04,136.04,136.04
241,1,24.19,0,37.66,87.66,37.66
241,0,24.19,0,0,39.28,0
242,3,24.8,1,148.05,198.05,198.05
242,2,24.8,0,98.45,148.45,98.45
242,1,24.8,1,48.85,98.85,98.85
242,0,24.8,1,0,49.25,49.25
243,3,18.75,1,121.16,171.16,171.16
243,2,18.75,0,83.66,133.66,83.66
243,1,18.75,0,46.16,96.16,46.16
243,0,18.75,0,8.66,58.66,8.66
244,3,20.29,0,62.2,112.2,62.2
244,2,20.29,1,21.62,71.62,71.62
244,1,20.29,0,0,31.04,0
244,0,20.29,0,0,0,0
245,3,14.02,1,45.07,95.07,95.07
245,2,14.02,0,17.03,67.03,17.03
245,1,14.02,0,0,38.99,0
245,0,14.02,0,0,10.95,0
246,3,25.59,1,202.87,252.87,252.87
246,2,25.59,1,151.69,201.69,201.69
246,1,25.59,1,100.51,150.51,150.51
246,0,25.59,0,49.33,99.33,49.33
247,3,15.05,0,126.28,176.28,126.28
247,2,15.05,0,96.18,146.18,96.18
247,1,15.05,0,66.08,116.08,66.08
247,0,15.05,0,35.98,85.98,35.98
248,3,18.83,1,99.65,149.65,149.65
248,2,18.83,0,61.99,111.99,61.99
248,1,18.83,1,24.33,74.33,74.33
248,0,18.83,0,0,36.67,0
249,3,20.72,1,225.57,275.57,275.57
249,2,20.72,0,184.13,234.13,184.13
249,1,20.72,0,142.69,192.69,142.69
249,0,20.72,0,101.25,151.25,101.25
250,3,15.75,1,34.96,84.96,84.96
250,2,15.75,0,3.46,53.46,3.46
250,1,15.75,1,0,21.96,21.96
250,0,15.75,1,0,0,0
251,3,17.85,0,97.7,147.7,97.7
251,2,17.85,1,62,112,112
251,1,17.85,1,26.3,76.3,76.3
251,0,17.85,0,0,40.6,0
252,3,21.72,0,130.5,180.5,130.5
252,2,21.72,0,87.06,137.06,87.06
252,1,21.72,1,43.62,93.62,93.62
252,0,21.72,1,0.18,50.18,50.18
253,3,25.09,0,25.98,75.98,25.98
253,2,25.09,0,0,25.8,0
253,1,25.09,0,0,0,0
253,0,25.09,1,0,0,0
254,3,18.3,1,214.98,264.98,264.98
254,2,18.3,0,178.38,228.38,178.38
254,1,18.3,0,141.78,191.78,141.78
254,0,18.3,1,105.18,155.18,155.18
255,3,14.28,0,108.28,158.28,108.28
255,2,14.28,0,79.72,129.72,79.72
255,1,14.28,0,51.16,101.16,51.16
255,0,14.28,1,22.6,72.6,72.6
256,3,14.46,1,38.99,88.99,88.99
256,2,14.46,1,10.07,60.07,60.07
256,1,14.46,0,0,31.15,0
256,0,14.46,1,0,2.23,2.23
257,3,20,1,232.56,282.56,282.56
257,2,20,0,192.56,242.56,192.56
257,1,20,0,152.56,202.56,152.56
257,0,20,1,112.56,162.56,162.56
258,3,21.11,1,167.05,217.05,217.05
258,2,21.11,0,124.83,174.83,124.83
258,1,21.11,1,82.61,132.61,132.61
258,0,21.11,1,40.39,90.39,90.39
259,3,15.98,1,123.34,173.34,173.34
259,2,15.98,1,91.38,141.38,141.38
259,1,15.98,0,59.42,109.42,59.42
259,0,15.98,0,27.46,77.46,27.46
260,3,16.17,1,72.84,122.84,122.84
260,2,16.17,1,40.5,90.5,90.5
260,1,16.17,0,8.16,58.16,8.16
260,0,16.17,0,0,25.82,0
261,3,11.13,0,73.22,123.22,73.22
261,2,11.13,1,50.96,100.96,100.96
261,1,11.13,1,28.7,78.7,78.7
261,0,11.13,0,6.44,56.44,6.44
262,3,10.06,1,0,34.14,34.14
262,2,10.06,1,0,14.02,14.02
262,1,10.06,0,0,0,0
262,0,10.06,1,0,0,0
263,3,17.84,0,154.63,204.63,154.63
263,2,17.84,0,118.95,168.95,118.95
263,1,17.84,0,83.27,133.27,83.27
263,0,17.84,1,47.59,97.59,97.59
264,3,22.35,0,127.73,177.73,127.73
264,2,22.35,1,83.03,133.03,133.03
264,1,22.35,0,38.33,88.33,38.33
264,0,22.35,1,0,43.63,43.63
265,3,15.66,0,106.32,156.32,106.32
265,2,15.66,0,75,125,75
265,1,15.66,1,43.68,93.68,93.68
265,0,15.66,0,12.36,62.36,12.36
266,3,18.87,0,182.19,232.19,182.19
266,2,18.87,0,144.45,194.45,144.45
266,1,18.87,1,106.71,156.71,156.71
266,0,18.87,0,68.97,118.97,68.97
267,3,18.7,1,135.14,185.14,185.14
267,2,18.7,1,97.74,147.74,147.74
267,1,18.7,0,60.34,110.34,60.34
267,0,18.7,0,22.94,72.94,22.94
268,3,17.41,1,124.99,174.99,174.99
268,2,17.41,1,90.17,140.17,140.17
268,1,17.41,0,55.35,105.35,55.35
268,0,17.41,0,20.53,70.53,20.53
269,3,17.92,1,129.26,179.26,179.26
269,2,17.92,0,93.42,143.42,93.42
269,1,17.92,1,57.58,107.58,107.58
269,0,17.92,0,21.74,71.74,21.74
270,3,21.43,1,103.35,153.35,153.35
270,2,21.43,0,60.49,110.49,60.49
270,1,21.43,0,17.63,67.63,17.63
270,0,21.43,0,0,24.77,0
271,3,23.03,1,193.01,243.01,243.01
271,2,23.03,1,146.95,196.95,196.95
271,1,23.03,0,100.89,150.89,100.89
271,0,23.03,1,54.83,104.83,104.83
272,3,11.2,1,145.57,195.57,195.57
272,2,11.2,1,123.17,173.17,173.17
272,1,11.2,0,100.77,150.77,100.77
272,0,11.2,1,78.37,128.37,128.37
273,3,19.36,1,163.46,213.46,213.46
273,2,19.36,0,124.74,174.74,124.74
273,1,19.36,0,86.02,136.02,86.02
273,0,19.36,0,47.3,97.3,47.3
274,3,18.99,1,167.18,217.18,217.18
274,2,18.99,1,129.2,179.2,179.2
274,1,18.99,1,91.22,141.22,141.22
274,0,18.99,0,53.24,103.24,53.24
275,3,10.73,0,21.25,71.25,21.25
275,2,10.73,1,0,49.79,49.79
275,1,10.73,0,0,28.33,0
275,0,10.73,1,0,6.87,6.87
276,3,13.7,1,42.51,92.51,92.51
276,2,13.7,0,15.11,65.11,15.11
276,1,13.7,0,0,37.71,0
276,0,13.7,0,0,10.31,0
277,3,16.05,0,30.31,80.31,30.31
277,2,16.05,1,0,48.21,48.21
277,1,16.05,1,0,16.11,16.11
277,0,16.05,0,0,0,0
278,3,22.26,1,207.43,257.43,257.43
278,2,22.26,1,162.91,212.91,212.91
278,1,22.26,1,118.39,168.39,168.39
278,0,22.26,0,73.87,123.87,73.87
279,3,27.18,0,167.55,217.55,167.55
279,2,27.18,1,113.19,163.19,163.19
279,1,27.18,1,58.83,108.83,108.83
279,0,27.18,0,4.47,54.47,4.47
280,3,14.06,0,158.41,208.41,158.41
280,2,14.06,0,130.29,180.29,130.29
280,1,14.06,0,102.17,152.17,102.17
280,0,14.06,0,74.05,124.05,74.05
281,3,25.12,1,126.74,176.74,176.74
281,2,25.12,0,76.5,126.5,76.5
281,1,25.12,1,26.26,76.26,76.26
281,0,25.12,0,0,26.02,0
282,3,27.46,1,160.34,210.34,210.34
282,2,27.46,1,105.42,155.42,155.42
282,1,27.46,0,50.5,100.5,50.5
282,0,27.46,1,0,45.58,45.58
283,3,18.63,0,125.18,175.18,125.18
283,2,18.63,1,87.92,137.92,137.92
283,1,18.63,0,50.66,100.66,50.66
283,0,18.63,0,13.4,63.4,13.4
284,3,12.24,1,121.75,171.75,171.75
284,2,12.24,0,97.27,147.27,97.27
284,1,12.24,0,72.79,122.79,72.79
284,0,12.24,0,48.31,98.31,48.31
285,3,14.91,0,97.41,147.41,97.41
285,2,14.91,0,67.59,117.59,67.59
285,1,14.91,0,37.77,87.77,37.77
285,0,14.91,0,7.95,57.95,7.95
286,3,18.66,0,131.18,181.18,131.18
286,2,18.66,1,93.86,143.86,143.86
286,1,18.66,1,56.54,106.54,106.54
286,0,18.66,0,19.22,69.22,19.22
287,3,17.57,1,113.82,163.82,163.82
287,2,17.57,1,78.68,128.68,128.68
287,1,17.57,0,43.54,93.54,43.54
287,0,17.57,0,8.4,58.4,8.4
288,3,19.83,0,137.67,187.67,137.67
288,2,19.83,0,98.01,148.01,98.01
288,1,19.83,0,58.35,108.35,58.35
288,0,19.83,0,18.69,68.69,18.69
289,3,30.11,1,144.95,194.95,194.95
289,2,30.11,1,84.73,134.73,134.73
289,1,30.11,1,24.51,74.51,74.51
289,0,30.11,1,0,14.29,14.29
290,3,21.44,1,144.13,194.13,194.13
290,2,21.44,1,101.25,151.25,151.25
290,1,21.44,0,58.37,108.37,58.37
290,0,21.44,1,15.49,65.49,65.49
291,3,18.13,1,107.58,157.58,157.58
291,2,18.13,0,71.32,121.32,71.32
291,1,18.13,1,35.06,85.06,85.06
291,0,18.13,0,0,48.8,0
292,3,25.36,1,164.68,214.68,214.68
292,2,25.36,0,113.96,163.96,113.96
292,1,25.36,0,63.24,113.24,63.24
292,0,25.36,1,12.52,62.52,62.52
293,3,16.96,0,133.34,183.34,133.34
293,2,16.96,0,99.42,149.42,99.42
293,1,16.96,0,65.5,115.5,65.5
293,0,16.96,0,31.58,81.58,31.58
294,3,33.38,1,189.63,239.63,239.63
294,2,33.38,1,122.87,172.87,172.87
294,1,33.38,1,56.11,106.11,106.11
294,0,33.38,1,0,39.35,39.35
295,3,17.68,1,109.53,159.53,159.53
295,2,17.68,1,74.17,124.17,124.17
295,1,17.68,0,38.81,88.81,38.81
295,0,17.68,0,3.45,53.45,3.45
296,3,11.49,0,55.56,105.56,55.56
296,2,11.49,0,32.58,82.58,32.58
296,1,11.49,0,9.6,59.6,9.6
296,0,11.49,0,0,36.62,0
297,3,22.46,1,168.09,218.09,218.09
297,2,22.46,0,123.17,173.17,123.17
297,1,22.46,0,78.25,128.25,78.25
297,0,22.46,0,33.33,83.33,33.33
298,3,13.58,1,124.3,174.3,174.3
298,2,13.58,1,97.14,147.14,147.14
298,1,13.58,1,69.98,119.98,119.98
298,0,13.58,0,42.82,92.82,42.82
299,3,13.57,1,37.22,87.22,87.22
299,2,13.57,1,10.08,60.08,60.08
299,1,13.57,0,0,32.94,0
299,0,13.57,0,0,5.8,0
300,3,27.62,1,212.64,262.64,262.64
300,2,27.62,1,157.4,207.4,207.4
300,1,27.62,1,102.16,152.16,152.16
300,0,27.62,1,46.92,96.92,96.92
301,3,15.96,1,205.01,255.01,255.01
301,2,15.96,1,173.09,223.09,223.09
301,1,15.96,1,141.17,191.17,191.17
301,0,15.96,1,109.25,159.25,159.25
302,3,12.14,1,1.42,51.42,51.42
302,2,12.14,1,0,27.14,27.14
302,1,12.14,0,0,2.86,0
302,0,12.14,1,0,0,0
303,3,17.17,1,68.68,118.68,118.68
303,2,17.17,0,34.34,84.34,34.34
303,1,17.17,1,0,50,50
303,0,17.17,0,0,15.66,0
304,3,23.69,0,111.8,161.8,111.8
304,2,23.69,0,64.42,114.42,64.42
304,1,23.69,0,17.04,67.04,17.04
304,0,23.69,1,0,19.66,19.66
305,3,27.84,1,170.93,220.93,220.93
305,2,27.84,0,115.25,165.25,115.25
305,1,27.84,1,59.57,109.57,109.57
305,0,27.84,1,3.89,53.89,53.89
306,3,21.55,0,221.99,271.99,221.99
306,2,21.55,0,178.89,228.89,178.89
306,1,21.55,1,135.79,185.79,185.79
306,0,21.55,1,92.69,142.69,142.69
307,3,20.53,0,134.38,184.38,134.38
307,2,20.53,0,93.32,143.32,93.32
307,1,20.53,0,52.26,102.26,52.26
307,0,20.53,0,11.2,61.2,11.2
308,3,18.56,0,85.19,135.19,85.19
308,2,18.56,0,48.07,98.07,48.07
308,1,18.56,1,10.95,60.95,60.95
308,0,18.56,0,0,23.83,0
309,3,19.05,0,154.44,204.44,154.44
309,2,19.05,1,116.34,166.34,166.34
309,1,19.05,1,78.24,128.24,128.24
309,0,19.05,1,40.14,90.14,90.14
310,3,16.87,0,78.1,128.1,78.1
310,2,16.87,0,44.36,94.36,44.36
310,1,16.87,1,10.62,60.62,60.62
310,0,16.87,0,0,26.88,0
311,3,20.84,0,192.05,242.05,192.05
311,2,20.84,0,150.37,200.37,150.37
311,1,20.84,1,108.69,158.69,158.69
311,0,20.84,1,67.01,117.01,117.01
312,3,18.62,1,135.6,185.6,185.6
312,2,18.62,1,98.36,148.36,148.36
312,1,18.62,1,61.12,111.12,111.12
312,0,18.62,1,23.88,73.88,73.88
313,3,16.11,1,172.21,222.21,222.21
313,2,16.11,0,139.99,189.99,139.99
313,1,16.11,0,107.77,157.77,107.77
313,0,16.11,1,75.55,125.55,125.55
314,3,27.42,1,148.87,198.87,198.87
314,2,27.42,1,94.03,144.03,144.03
314,1,27.42,1,39.19,89.19,89.19
314,0,27.42,1,0,34.35,34.35
315,3,32.16,1,366.66,416.66,416.66
315,2,32.16,1,302.34,352.34,352.34
315,1,32.16,1,238.02,288.02,288.02
315,0,32.16,1,173.7,223.7,223.7
316,3,25.35,1,208.68,258.68,258.68
316,2,25.35,1,157.98,207.98,207.98
316,1,25.35,1,107.28,157.28,157.28
316,0,25.35,1,56.58,106.58,106.58
317,3,25.06,1,198.15,248.15,248.15
317,2,25.06,1,148.03,198.03,198.03
317,1,25.06,1,97.91,147.91,147.91
317,0,25.06,0,47.79,97.79,47.79
318,3,22.58,1,145.5,195.5,195.5
318,2,22.58,1,100.34,150.34,150.34
318,1,22.58,0,55.18,105.18,55.18
318,0,22.58,0,10.02,60.02,10.02
319,3,20.4,1,96.52,146.52,146.52
319,2,20.4,0,55.72,105.72,55.72
319,1,20.4,0,14.92,64.92,14.92
319,0,20.4,0,0,24.12,0
320,3,27.83,1,141.42,191.42,191.42
320,2,27.83,1,85.76,135.76,135.76
320,1,27.83,1,30.1,80.1,80.1
320,0,27.83,1,0,24.44,24.44
321,3,17.94,0,108.78,158.78,108.78
321,2,17.94,0,72.9,122.9,72.9
321,1,17.94,0,37.02,87.02,37.02
321,0,17.94,0,1.14,51.14,1.14
322,3,18.79,1,81.67,131.67,131.67
322,2,18.79,1,44.09,94.09,94.09
322,1,18.79,0,6.51,56.51,6.51
322,0,18.79,0,0,18.93,0
323,3,19.7,1,142.03,192.03,192.03
323,2,19.7,0,102.63,152.63,102.63
323,1,19.7,1,63.23,113.23,113.23
323,0,19.7,1,23.83,73.83,73.83
324,3,26.49,0,134.13,184.13,134.13
324,2,26.49,1,81.15,131.15,131.15
324,1,26.49,1,28.17,78.17,78.17
324,0,26.49,1,0,25.19,25.19
325,3,20.69,0,165.88,215.88,165.88
325,2,20.69,0,124.5,174.5,124.5
325,1,20.69,1,83.12,133.12,133.12
325,0,20.69,0,41.74,91.74,41.74
326,3,18.85,1,169.76,219.76,219.76
326,2,18.85,1,132.06,182.06,182.06
326,1,18.85,0,94.36,144.36,94.36
326,0,18.85,0,56.66,106.66,56.66
327,3,18.13,1,81.62,131.62,131.62
327,2,18.13,1,45.36,95.36,95.36
327,1,18.13,0,9.1,59.1,9.1
327,0,18.13,0,0,22.84,0
328,3,25.25,1,226.38,276.38,276.38
328,2,25.25,1,175.88,225.88,225.88
328,1,25.25,0,125.38,175.38,125.38
328,0,25.25,1,74.88,124.88,124.88
329,3,21.24,1,126.78,176.78,176.78
329,2,21.24,1,84.3,134.3,134.3
329,1,21.24,0,41.82,91.82,41.82
329,0,21.24,0,0,49.34,0
330,3,19.08,1,181.32,231.32,231.32
330,2,19.08,0,143.16,193.16,143.16
330,1,19.08,0,105,155,105
330,0,19.08,0,66.84,116.84,66.84
331,3,29.86,1,220.93,270.93,270.93
331,2,29.86,1,161.21,211.21,211.21
331,1,29.86,1,101.49,151.49,151.49
331,0,29.86,1,41.77,91.77,91.77
332,3,21.28,1,195.08,245.08,245.08
332,2,21.28,1,152.52,202.52,202.52
332,1,21.28,0,109.96,159.96,109.96
332,0,21.28,0,67.4,117.4,67.4
333,3,18.74,0,71.33,121.33,71.33
333,2,18.74,1,33.85,83.85,83.85
333,1,18.74,0,0,46.37,0
333,0,18.74,0,0,8.89,0
334,3,12.8,1,74.26,124.26,124.26
334,2,12.8,0,48.66,98.66,48.66
334,1,12.8,0,23.06,73.06,23.06
334,0,12.8,0,0,47.46,0
335,3,18.31,1,190.74,240.74,240.74
335,2,18.31,1,154.12,204.12,204.12
335,1,18.31,0,117.5,167.5,117.5
335,0,18.31,0,80.88,130.88,80.88
336,3,16.68,0,75.86,125.86,75.86
336,2,16.68,0,42.5,92.5,42.5
336,1,16.68,1,9.14,59.14,59.14
336,0,16.68,0,0,25.78,0
337,3,25.12,1,63.98,113.98,113.98
337,2,25.12,1,13.74,63.74,63.74
337,1,25.12,1,0,13.5,13.5
337,0,25.12,1,0,0,0
338,3,21.78,1,45.33,95.33,95.33
338,2,21.78,1,1.77,51.77,51.77
338,1,21.78,1,0,8.21,8.21
338,0,21.78,0,0,0,0
339,3,18.77,1,0,46.07,46.07
339,2,18.77,0,0,8.53,0
339,1,18.77,0,0,0,0
339,0,18.77,0,0,0,0
340,3,11.1,0,0,11.99,0
340,2,11.1,0,0,0,0
340,1,11.1,0,0,0,0
340,0,11.1,0,0,0,0
341,3,21.15,1,117.47,167.47,167.47
341,2,21.15,1,75.17,125.17,125.17
341,1,21.15,0,32.87,82.87,32.87
341,0,21.15,0,0,40.57,0
342,3,16.76,1,171.25,221.25,221.25
342,2,16.76,0,137.73,187.73,137.73
342,1,16.76,1,104.21,154.21,154.21
342,0,16.76,0,70.69,120.69,70.69
343,3,25.18,1,144.15,194.15,194.15
343,2,25.18,1,93.79,143.79,143.79
343,1,25.18,1,43.43,93.43,93.43
343,0,25.18,1,0,43.07,43.07
344,3,10.49,0,79.61,129.61,79.61
344,2,10.49,1,58.63,108.63,108.63
344,1,10.49,1,37.65,87.65,87.65
344,0,10.49,1,16.67,66.67,66.67
345,3,23.51,1,149.07,199.07,199.07
345,2,23.51,1,102.05,152.05,152.05
345,1,23.51,1,55.03,105.03,105.03
345,0,23.51,1,8.01,58.01,58.01
346,3,20.92,0,136.87,186.87,136.87
346,2,20.92,1,95.03,145.03,145.03
346,1,20.92,1,53.19,103.19,103.19
346,0,20.92,0,11.35,61.35,11.35
347,3,18.59,0,111.72,161.72,111.72
347,2,18.59,1,74.54,124.54,124.54
347,1,18.59,1,37.36,87.36,87.36
347,0,18.59,0,0.18,50.18,0.18
348,3,19.14,1,115.27,165.27,165.27
348,2,19.14,0,76.99,126.99,76.99
348,1,19.14,0,38.71,88.71,38.71
348,0,19.14,1,0.43,50.43,50.43
349,3,18.53,1,142.77,192.77,192.77
349,2,18.53,1,105.71,155.71,155.71
349,1,18.53,0,68.65,118.65,68.65
349,0,18.53,0,31.59,81.59,31.59
350,3,12.76,1,20.52,70.52,70.52
350,2,12.76,0,0,45,0
350,1,12.76,0,0,19.48,0
350,0,12.76,0,0,0,0
351,3,18.85,0,172.46,222.46,172.46
351,2,18.85,1,134.76,184.76,184.76
351,1,18.85,0,97.06,147.06,97.06
351,0,18.85,0,59.36,109.36,59.36
352,3,20.98,1,182.86,232.86,232.86
352,2,20.98,1,140.9,190.9,190.9
352,1,20.98,1,98.94,148.94,148.94
352,0,20.98,0,56.98,106.98,56.98
353,3,17.79,1,104.78,154.78,154.78
353,2,17.79,1,69.2,119.2,119.2
353,1,17.79,1,33.62,83.62,83.62
353,0,17.79,0,0,48.04,0
354,3,18.53,1,159.98,209.98,209.98
354,2,18.53,1,122.92,172.92,172.92
354,1,18.53,1,85.86,135.86,135.86
354,0,18.53,0,48.8,98.8,48.8
355,3,23.75,1,121.18,171.18,171.18
355,2,23.75,1,73.68,123.68,123.68
355,1,23.75,0,26.18,76.18,26.18
355,0,23.75,1,0,28.68,28.68
356,3,21.99,1,117.07,167.07,167.07
356,2,21.99,1,73.09,123.09,123.09
356,1,21.99,0,29.11,79.11,29.11
356,0,21.99,0,0,35.13,0
357,3,18.51,0,127.38,177.38,127.38
357,2,18.51,0,90.36,140.36,90.36
357,1,18.51,1,53.34,103.34,103.34
357,0,18.51,1,16.32,66.32,66.32
358,3,14.72,1,83.53,133.53,133.53
358,2,14.72,0,54.09,104.09,54.09
358,1,14.72,1,24.65,74.65,74.65
358,0,14.72,0,0,45.21,0
359,3,22.25,1,123.31,173.31,173.31
359,2,22.25,1,78.81,128.81,128.81
359,1,22.25,0,34.31,84.31,34.31
359,0,22.25,0,0,39.81,0
360,3,16.22,1,69.92,119.92,119.92
360,2,16.22,0,37.48,87.48,37.48
360,1,16.22,0,5.04,55.04,5.04
360,0,16.22,0,0,22.6,0
361,3,19.18,0,96.39,146.39,96.39
361,2,19.18,1,58.03,108.03,108.03
361,1,19.18,0,19.67,69.67,19.67
361,0,19.18,0,0,31.31,0
362,3,22.84,1,196.84,246.84,246.84
362,2,22.84,1,151.16,201.16,201.16
362,1,22.84,0,105.48,155.48,105.48
362,0,22.84,0,59.8,109.8,59.8
363,3,28.56,1,92.75,142.75,142.75
363,2,28.56,0,35.63,85.63,35.63
363,1,28.56,1,0,28.51,28.51
363,0,28.56,1,0,0,0
364,3,18.13,1,134.53,184.53,184.53
364,2,18.13,1,98.27,148.27,148.27
364,1,18.13,1,62.01,112.01,112.01
364,0,18.13,0,25.75,75.75,25.75
365,3,20.11,1,118.95,168.95,168.95
365,2,20.11,0,78.73,128.73,78.73
365,1,20.11,0,38.51,88.51,38.51
365,0,20.11,0,0,48.29,0
366,3,16.27,0,140.28,190.28,140.28
366,2,16.27,0,107.74,157.74,107.74
366,1,16.27,0,75.2,125.2,75.2
366,0,16.27,0,42.66,92.66,42.66
367,3,16.6,1,131.95,181.95,181.95
367,2,16.6,1,98.75,148.75,148.75
367,1,16.6,1,65.55,115.55,115.55
367,0,16.6,1,32.35,82.35,82.35
368,3,17.06,0,0,20.29,0
368,2,17.06,0,0,0,0
368,1,17.06,0,0,0,0
368,0,17.06,0,0,0,0
369,3,19.61,0,156.5,206.5,156.5
369,2,19.61,1,117.28,167.28,167.28
369,1,19.61,1,78.06,128.06,128.06
369,0,19.61,1,38.84,88.84,88.84
370,3,15.42,0,114.15,164.15,114.15
370,2,15.42,0,83.31,133.31,83.31
370,1,15.42,0,52.47,102.47,52.47
370,0,15.42,1,21.63,71.63,71.63
371,3,15.84,1,101.97,151.97,151.97
371,2,15.84,1,70.29,120.29,120.29
371,1,15.84,1,38.61,88.61,88.61
371,0,15.84,0,6.93,56.93,6.93
372,3,19.51,1,103.14,153.14,153.14
372,2,19.51,1,64.12,114.12,114.12
372,1,19.51,0,25.1,75.1,25.1
372,0,19.51,1,0,36.08,36.08
373,3,29.36,1,238.18,288.18,288.18
373,2,29.36,1,179.46,229.46,229.46
373,1,29.36,1,120.74,170.74,170.74
373,0,29.36,1,62.02,112.02,112.02
374,3,16.72,0,86.39,136.39,86.39
374,2,16.72,0,52.95,102.95,52.95
374,1,16.72,0,19.51,69.51,19.51
374,0,16.72,0,0,36.07,0
375,3,17.91,0,207.11,257.11,207.11
375,2,17.91,0,171.29,221.29,171.29
375,1,17.91,0,135.47,185.47,135.47
375,0,17.91,0,99.65,149.65,99.65
376,3,15.6,1,127.42,177.42,177.42
376,2,15.6,0,96.22,146.22,96.22
376,1,15.6,0,65.02,115.02,65.02
376,0,15.6,0,33.82,83.82,33.82
377,3,15.75,0,207.14,257.14,207.14
377,2,15.75,0,175.64,225.64,175.64
377,1,15.75,1,144.14,194.14,194.14
377,0,15.75,0,112.64,162.64,112.64
378,3,14.4,1,51.52,101.52,101.52
378,2,14.4,1,22.72,72.72,72.72
378,1,14.4,0,0,43.92,0
378,0,14.4,0,0,15.12,0
379,3,18.61,0,32.47,82.47,32.47
379,2,18.61,1,0,45.25,45.25
379,1,18.61,0,0,8.03,0
379,0,18.61,1,0,0,0
380,3,20.12,1,166.58,216.58,216.58
380,2,20.12,1,126.34,176.34,176.34
380,1,20.12,0,86.1,136.1,86.1
380,0,20.12,1,45.86,95.86,95.86
381,3,21.13,0,180.55,230.55,180.55
381,2,21.13,1,138.29,188.29,188.29
381,1,21.13,1,96.03,146.03,146.03
381,0,21.13,0,53.77,103.77,53.77
382,3,21.32,0,141.01,191.01,141.01
382,2,21.32,1,98.37,148.37,148.37
382,1,21.32,1,55.73,105.73,105.73
382,0,21.32,0,13.09,63.09,13.09
383,3,15.63,1,22.47,72.47,72.47
383,2,15.63,1,0,41.21,41.21
383,1,15.63,0,0,9.95,0
383,0,15.63,0,0,0,0
384,3,19.61,1,104.88,154.88,154.88
384,2,19.61,1,65.66,115.66,115.66
384,1,19.61,1,26.44,76.44,76.44
384,0,19.61,0,0,37.22,0
385,3,16.68,1,137.66,187.66,187.66
385,2,16.68,1,104.3,154.3,154.3
385,1,16.68,1,70.94,120.94,120.94
385,0,16.68,0,37.58,87.58,37.58
386,3,16.94,1,99.37,149.37,149.37
386,2,16.94,1,65.49,115.49,115.49
386,1,16.94,0,31.61,81.61,31.61
386,0,16.94,1,0,47.73,47.73
387,3,13.92,0,81.64,131.64,81.64
387,2,13.92,1,53.8,103.8,103.8
387,1,13.92,0,25.96,75.96,25.96
387,0,13.92,0,0,48.12,0
388,3,17.37,0,102.82,152.82,102.82
388,2,17.37,1,68.08,118.08,118.08
388,1,17.37,1,33.34,83.34,83.34
388,0,17.37,0,0,48.6,0
389,3,22.66,1,101.92,151.92,151.92
389,2,22.66,1,56.6,106.6,106.6
389,1,22.66,0,11.28,61.28,11.28
389,0,22.66,0,0,15.96,0
390,3,20.49,0,106.78,156.78,106.78
390,2,20.49,1,65.8,115.8,115.8
390,1,20.49,0,24.82,74.82,24.82
390,0,20.49,0,0,33.84,0
391,3,19.29,1,53.7,103.7,103.7
391,2,19.29,0,15.12,65.12,15.12
391,1,19.29,1,0,26.54,26.54
391,0,19.29,1,0,0,0
392,3,31.31,1,297.57,347.57,347.57
392,2,31.31,1,234.95,284.95,284.95
392,1,31.31,1,172.33,222.33,222.33
392,0,31.31,1,109.71,159.71,159.71
393,3,17.33,0,87.54,137.54,87.54
393,2,17.33,0,52.88,102.88,52.88
393,1,17.33,1,18.22,68.22,68.22
393,0,17.33,0,0,33.56,0
394,3,22.3,1,169.98,219.98,219.98
394,2,22.3,0,125.38,175.38,125.38
394,1,22.3,0,80.78,130.78,80.78
394,0,22.3,1,36.18,86.18,86.18
395,3,29.52,1,145.55,195.55,195.55
395,2,29.52,1,86.51,136.51,136.51
395,1,29.52,1,27.47,77.47,77.47
395,0,29.52,1,0,18.43,18.43
396,3,17.82,0,154.47,204.47,154.47
396,2,17.82,0,118.83,168.83,118.83
396,1,17.82,0,83.19,133.19,83.19
396,0,17.82,1,47.55,97.55,97.55
397,3,17.13,0,16.25,66.25,16.25
397,2,17.13,0,0,31.99,0
397,1,17.13,0,0,0,0
397,0,17.13,0,0,0,0
398,3,20.85,1,181.98,231.98,231.98
398,2,20.85,1,140.28,190.28,190.28
398,1,20.85,0,98.58,148.58,98.58
398,0,20.85,1,56.88,106.88,106.88
399,3,17.18,1,108.49,158.49,158.49
399,2,17.18,1,74.13,124.13,124.13
399,1,17.18,0,39.77,89.77,39.77
399,0,17.18,0,5.41,55.41,5.41
400,3,23.81,1,262.2,312.2,312.2
400,2,23.81,1,214.58,264.58,264.58
400,1,23.81,1,166.96,216.96,216.96
400,0,23.81,1,119.34,169.34,169.34
401,3,20.22,1,66.21,116.21,116.21
401,2,20.22,1,25.77,75.77,75.77
401,1,20.22,1,0,35.33,35.33
401,0,20.22,0,0,0,0
402,3,21.12,0,141.66,191.66,141.66
402,2,21.12,0,99.42,149.42,99.42
402,1,21.12,0,57.18,107.18,57.18
402,0,21.12,1,14.94,64.94,64.94
403,3,20.86,0,154.38,204.38,154.38
403,2,20.86,1,112.66,162.66,162.66
403,1,20.86,1,70.94,120.94,120.94
403,0,20.86,0,29.22,79.22,29.22
404,3,19.19,0,185.97,235.97,185.97
404,2,19.19,0,147.59,197.59,147.59
404,1,19.19,0,109.21,159.21,109.21
404,0,19.19,1,70.83,120.83,120.83
405,3,24.12,1,137.7,187.7,187.7
405,2,24.12,1,89.46,139.46,139.46
405,1,24.12,1,41.22,91.22,91.22
405,0,24.12,1,0,42.98,42.98
406,3,24.95,1,168.97,218.97,218.97
406,2,24.95,1,119.07,169.07,169.07
406,1,24.95,1,69.17,119.17,119.17
406,0,24.95,0,19.27,69.27,19.27
407,3,25.24,1,59.56,109.56,109.56
407,2,25.24,1,9.08,59.08,59.08
407,1,25.24,1,0,8.6,8.6
407,0,25.24,1,0,0,0
408,3,26.08,1,131.05,181.05,181.05
408,2,26.08,1,78.89,128.89,128.89
408,1,26.08,1,26.73,76.73,76.73
408,0,26.08,0,0,24.57,0
409,3,19.77,1,150.97,200.97,200.97
409,2,19.77,0,111.43,161.43,111.43
409,1,19.77,0,71.89,121.89,71.89
409,0,19.77,1,32.35,82.35,82.35
410,3,22.1,1,199.91,249.91,249.91
410,2,22.1,1,155.71,205.71,205.71
410,1,22.1,1,111.51,161.51,161.51
410,0,22.1,1,67.31,117.31,117.31
411,3,13.52,0,70.55,120.55,70.55
411,2,13.52,0,43.51,93.51,43.51
411,1,13.52,1,16.47,66.47,66.47
411,0,13.52,0,0,39.43,0
412,3,20.61,0,237.09,287.09,237.09
412,2,20.61,1,195.87,245.87,245.87
412,1,20.61,1,154.65,204.65,204.65
412,0,20.61,0,113.43,163.43,113.43
413,3,16.61,1,194.28,244.28,244.28
413,2,16.61,0,161.06,211.06,161.06
413,1,16.61,0,127.84,177.84,127.84
413,0,16.61,0,94.62,144.62,94.62
414,3,29.19,1,191.3,241.3,241.3
414,2,29.19,1,132.92,182.92,182.92
414,1,29.19,1,74.54,124.54,124.54
414,0,29.19,1,16.16,66.16,66.16
415,3,23.27,0,32.21,82.21,32.21
415,2,23.27,1,0,35.67,35.67
415,1,23.27,0,0,0,0
415,0,23.27,1,0,0,0
416,3,14.56,0,3.04,53.04,3.04
416,2,14.56,0,0,23.92,0
416,1,14.56,0,0,0,0
416,0,14.56,0,0,0,0
417,3,28.54,1,150.89,200.89,200.89
417,2,28.54,1,93.81,143.81,143.81
417,1,28.54,1,36.73,86.73,86.73
417,0,28.54,0,0,29.65,0
418,3,15.47,1,154.08,204.08,204.08
418,2,15.47,0,123.14,173.14,123.14
418,1,15.47,1,92.2,142.2,142.2
418,0,15.47,1,61.26,111.26,111.26
419,3,22.29,1,161.54,211.54,211.54
419,2,22.29,0,116.96,166.96,116.96
419,1,22.29,1,72.38,122.38,122.38
419,0,22.29,1,27.8,77.8,77.8
420,3,27.12,1,75.13,125.13,125.13
420,2,27.12,1,20.89,70.89,70.89
420,1,27.12,1,0,16.65,16.65
420,0,27.12,1,0,0,0
421,3,17.21,0,99.03,149.03,99.03
421,2,17.21,1,64.61,114.61,114.61
421,1,17.21,0,30.19,80.19,30.19
421,0,17.21,0,0,45.77,0
422,3,27.08,0,260.23,310.23,260.23
422,2,27.08,1,206.07,256.07,256.07
422,1,27.08,1,151.91,201.91,201.91
422,0,27.08,1,97.75,147.75,147.75
423,3,28.05,1,167.61,217.61,217.61
423,2,28.05,1,111.51,161.51,161.51
423,1,28.05,0,55.41,105.41,55.41
423,0,28.05,1,0,49.31,49.31
424,3,19.65,0,90.05,140.05,90.05
424,2,19.65,0,50.75,100.75,50.75
424,1,19.65,0,11.45,61.45,11.45
424,0,19.65,0,0,22.15,0
425,3,19.4,0,228.53,278.53,228.53
425,2,19.4,0,189.73,239.73,189.73
425,1,19.4,1,150.93,200.93,200.93
425,0,19.4,1,112.13,162.13,162.13
426,3,21.16,0,140.79,190.79,140.79
426,2,21.16,1,98.47,148.47,148.47
426,1,21.16,0,56.15,106.15,56.15
426,0,21.16,0,13.83,63.83,13.83
427,3,18.4,0,94.84,144.84,94.84
427,2,18.4,1,58.04,108.04,108.04
427,1,18.4,0,21.24,71.24,21.24
427,0,18.4,0,0,34.44,0
428,3,19.89,1,146.74,196.74,196.74
428,2,19.89,0,106.96,156.96,106.96
428,1,19.89,0,67.18,117.18,67.18
428,0,19.89,0,27.4,77.4,27.4
429,3,20.66,0,135.48,185.48,135.48
429,2,20.66,0,94.16,144.16,94.16
429,1,20.66,1,52.84,102.84,102.84
429,0,20.66,1,11.52,61.52,61.52
430,3,18.31,1,96.71,146.71,146.71
430,2,18.31,0,60.09,110.09,60.09
430,1,18.31,0,23.47,73.47,23.47
430,0,18.31,0,0,36.85,0
431,3,20.12,1,191.26,241.26,241.26
431,2,20.12,0,151.02,201.02,151.02
431,1,20.12,0,110.78,160.78,110.78
431,0,20.12,0,70.54,120.54,70.54
432,3,27.78,1,240.25,290.25,290.25
432,2,27.78,1,184.69,234.69,234.69
432,1,27.78,0,129.13,179.13,129.13
432,0,27.78,1,73.57,123.57,123.57
433,3,25.25,1,208.79,258.79,258.79
433,2,25.25,1,158.29,208.29,208.29
433,1,25.25,0,107.79,157.79,107.79
433,0,25.25,1,57.29,107.29,107.29
434,3,23.88,0,152.02,202.02,152.02
434,2,23.88,1,104.26,154.26,154.26
434,1,23.88,1,56.5,106.5,106.5
434,0,23.88,0,8.74,58.74,8.74
435,3,28.92,1,249.79,299.79,299.79
435,2,28.92,1,191.95,241.95,241.95
435,1,28.92,1,134.11,184.11,184.11
435,0,28.92,1,76.27,126.27,126.27
436,3,21.88,0,140.67,190.67,140.67
436,2,21.88,0,96.91,146.91,96.91
436,1,21.88,1,53.15,103.15,103.15
436,0,21.88,0,9.39,59.39,9.39
437,3,12.45,0,100.48,150.48,100.48
437,2,12.45,1,75.58,125.58,125.58
437,1,12.45,0,50.68,100.68,50.68
437,0,12.45,0,25.78,75.78,25.78
438,3,19.81,0,180.35,230.35,180.35
438,2,19.81,1,140.73,190.73,190.73
438,1,19.81,0,101.11,151.11,101.11
438,0,19.81,0,61.49,111.49,61.49
439,3,14.53,0,132.15,182.15,132.15
439,2,14.53,1,103.09,153.09,153.09
439,1,14.53,0,74.03,124.03,74.03
439,0,14.53,0,44.97,94.97,44.97
440,3,22.78,1,238.95,288.95,288.95
440,2,22.78,1,193.39,243.39,243.39
440,1,22.78,0,147.83,197.83,147.83
440,0,22.78,0,102.27,152.27,102.27
441,3,19.53,1,149.27,199.27,199.27
441,2,19.53,1,110.21,160.21,160.21
441,1,19.53,0,71.15,121.15,71.15
441,0,19.53,0,32.09,82.09,32.09
442,3,21.62,1,57.14,107.14,107.14
442,2,21.62,0,13.9,63.9,13.9
442,1,21.62,0,0,20.66,0
442,0,21.62,1,0,0,0
443,3,18.12,0,58.83,108.83,58.83
443,2,18.12,0,22.59,72.59,22.59
443,1,18.12,0,0,36.35,0
443,0,18.12,0,0,0.11,0
444,3,21.18,1,205.77,255.77,255.77
444,2,21.18,0,163.41,213.41,163.41
444,1,21.18,1,121.05,171.05,171.05
444,0,21.18,0,78.69,128.69,78.69
445,3,11.96,1,57.16,107.16,107.16
445,2,11.96,1,33.24,83.24,83.24
445,1,11.96,1,9.32,59.32,59.32
445,0,11.96,0,0,35.4,0
446,3,17.94,0,134.91,184.91,134.91
446,2,17.94,0,99.03,149.03,99.03
446,1,17.94,0,63.15,113.15,63.15
446,0,17.94,1,27.27,77.27,77.27
447,3,13.82,0,44.17,94.17,44.17
447,2,13.82,0,16.53,66.53,16.53
447,1,13.82,0,0,38.89,0
447,0,13.82,0,0,11.25,0
448,3,15.68,1,149.8,199.8,199.8
448,2,15.68,0,118.44,168.44,118.44
448,1,15.68,1,87.08,137.08,137.08
448,0,15.68,0,55.72,105.72,55.72
449,3,25.58,1,149.82,199.82,199.82
449,2,25.58,1,98.66,148.66,148.66
449,1,25.58,0,47.5,97.5,47.5
449,0,25.58,1,0,46.34,46.34
450,3,14.64,1,165.39,215.39,215.39
450,2,14.64,1,136.11,186.11,186.11
450,1,14.64,0,106.83,156.83,106.83
450,0,14.64,0,77.55,127.55,77.55
451,3,26.89,0,151.62,201.62,151.62
451,2,26.89,1,97.84,147.84,147.84
451,1,26.89,1,44.06,94.06,94.06
451,0,26.89,0,0,40.28,0
452,3,20.34,1,188.29,238.29,238.29
452,2,20.34,1,147.61,197.61,197.61
452,1,20.34,0,106.93,156.93,106.93
452,0,20.34,0,66.25,116.25,66.25
453,3,22.36,1,180.24,230.24,230.24
453,2,22.36,0,135.52,185.52,135.52
453,1,22.36,0,90.8,140.8,90.8
453,0,22.36,1,46.08,96.08,96.08
454,3,23.58,1,118.94,168.94,168.94
454,2,23.58,1,71.78,121.78,121.78
454,1,23.58,0,24.62,74.62,24.62
454,0,23.58,0,0,27.46,0
455,3,23.57,1,209.94,259.94,259.94
455,2,23.57,1,162.8,212.8,212.8
455,1,23.57,0,115.66,165.66,115.66
455,0,23.57,0,68.52,118.52,68.52
456,3,22.76,1,104.24,154.24,154.24
456,2,22.76,1,58.72,108.72,108.72
456,1,22.76,1,13.2,63.2,63.2
456,0,22.76,0,0,17.68,0
457,3,14.41,1,49.75,99.75,99.75
457,2,14.41,0,20.93,70.93,20.93
457,1,14.41,0,0,42.11,0
457,0,14.41,0,0,13.29,0
458,3,26.52,1,211.73,261.73,261.73
458,2,26.52,1,158.69,208.69,208.69
458,1,26.52,1,105.65,155.65,155.65
458,0,26.52,1,52.61,102.61,102.61
459,3,17.17,0,78.92,128.92,78.92
459,2,17.17,1,44.58,94.58,94.58
459,1,17.17,0,10.24,60.24,10.24
459,0,17.17,0,0,25.9,0
460,3,21.11,0,108.08,158.08,108.08
460,2,21.11,1,65.86,115.86,115.86
460,1,21.11,1,23.64,73.64,73.64
460,0,21.11,1,0,31.42,31.42
461,3,17.83,1,97.61,147.61,147.61
461,2,17.83,1,61.95,111.95,111.95
461,1,17.83,0,26.29,76.29,26.29
461,0,17.83,0,0,40.63,0
462,3,21.06,1,87.41,137.41,137.41
462,2,21.06,0,45.29,95.29,45.29
462,1,21.06,1,3.17,53.17,53.17
462,0,21.06,0,0,11.05,0
463,3,19.97,1,182.04,232.04,232.04
463,2,19.97,0,142.1,192.1,142.1
463,1,19.97,0,102.16,152.16,102.16
463,0,19.97,1,62.22,112.22,112.22
464,3,24.42,0,191.37,241.37,191.37
464,2,24.42,1,142.53,192.53,192.53
464,1,24.42,1,93.69,143.69,143.69
464,0,24.42,1,44.85,94.85,94.85
465,3,17.01,1,105.6,155.6,155.6
465,2,17.01,1,71.58,121.58,121.58
465,1,17.01,1,37.56,87.56,87.56
465,0,17.01,0,3.54,53.54,3.54
466,3,23.22,1,147.12,197.12,197.12
466,2,23.22,1,100.68,150.68,150.68
466,1,23.22,1,54.24,104.24,104.24
466,0,23.22,0,7.8,57.8,7.8
467,3,19.35,1,147.96,197.96,197.96
467,2,19.35,0,109.26,159.26,109.26
467,1,19.35,1,70.56,120.56,120.56
467,0,19.35,0,31.86,81.86,31.86
468,3,19.82,1,217.01,267.01,267.01
468,2,19.82,1,177.37,227.37,227.37
468,1,19.82,1,137.73,187.73,187.73
468,0,19.82,0,98.09,148.09,98.09
469,3,19.7,1,171.45,221.45,221.45
469,2,19.7,0,132.05,182.05,132.05
469,1,19.7,0,92.65,142.65,92.65
469,0,19.7,1,53.25,103.25,103.25
470,3,18.25,1,92.33,142.33,142.33
470,2,18.25,0,55.83,105.83,55.83
470,1,18.25,1,19.33,69.33,69.33
470,0,18.25,0,0,32.83,0
471,3,35.06,1,274.29,324.29,324.29
471,2,35.06,1,204.17,254.17,254.17
471,1,35.06,1,134.05,184.05,184.05
471,0,35.06,1,63.93,113.93,113.93
472,3,16.35,1,98.51,148.51,148.51
472,2,16.35,1,65.81,115.81,115.81
472,1,16.35,0,33.11,83.11,33.11
472,0,16.35,0,0.41,50.41,0.41
473,3,16.68,1,96.81,146.81,146.81
473,2,16.68,1,63.45,113.45,113.45
473,1,16.68,0,30.09,80.09,30.09
473,0,16.68,1,0,46.73,46.73
474,3,28.14,0,280.3,330.3,280.3
474,2,28.14,1,224.02,274.02,274.02
474,1,28.14,1,167.74,217.74,217.74
474,0,28.14,1,111.46,161.46,161.46
475,3,20.74,0,114.23,164.23,114.23
475,2,20.74,1,72.75,122.75,122.75
475,1,20.74,0,31.27,81.27,31.27
475,0,20.74,0,0,39.79,0
476,3,14.41,0,66.91,116.91,66.91
476,2,14.41,0,38.09,88.09,38.09
476,1,14.41,0,9.27,59.27,9.27
476,0,14.41,0,0,30.45,0
477,3,17.53,1,15.1,65.1,65.1
477,2,17.53,0,0,30.04,0
477,1,17.53,0,0,0,0
477,0,17.53,0,0,0,0
478,3,17.02,0,39.02,89.02,39.02
478,2,17.02,1,4.98,54.98,54.98
478,1,17.02,0,0,20.94,0
478,0,17.02,0,0,0,0
479,3,23.29,0,175.59,225.59,175.59
479,2,23.29,1,129.01,179.01,179.01
479,1,23.29,1,82.43,132.43,132.43
479,0,23.29,1,35.85,85.85,85.85
480,3,20.03,0,95.46,145.46,95.46
480,2,20.03,1,55.4,105.4,105.4
480,1,20.03,0,15.34,65.34,15.34
480,0,20.03,0,0,25.28,0
481,3,24.02,0,183.91,233.91,183.91
481,2,24.02,1,135.87,185.87,185.87
481,1,24.02,1,87.83,137.83,137.83
481,0,24.02,0,39.79,89.79,39.79
482,3,19.58,0,71.32,121.32,71.32
482,2,19.58,1,32.16,82.16,82.16
482,1,19.58,0,0,43,0
482,0,19.58,1,0,3.84,3.84
483,3,20.89,0,97.86,147.86,97.86
483,2,20.89,0,56.08,106.08,56.08
483,1,20.89,0,14.3,64.3,14.3
483,0,20.89,1,0,22.52,22.52
484,3,22.07,1,178.22,228.22,228.22
484,2,22.07,0,134.08,184.08,134.08
484,1,22.07,0,89.94,139.94,89.94
484,0,22.07,1,45.8,95.8,95.8
485,3,19.93,0,202.55,252.55,202.55
485,2,19.93,0,162.69,212.69,162.69
485,1,19.93,1,122.83,172.83,172.83
485,0,19.93,1,82.97,132.97,132.97
486,3,27.87,1,214.71,264.71,264.71
486,2,27.87,1,158.97,208.97,208.97
486,1,27.87,1,103.23,153.23,153.23
486,0,27.87,1,47.49,97.49,97.49
487,3,14.35,0,150.34,200.34,150.34
487,2,14.35,1,121.64,171.64,171.64
487,1,14.35,0,92.94,142.94,92.94
487,0,14.35,0,64.24,114.24,64.24
488,3,22,1,229.23,279.23,279.23
488,2,22,1,185.23,235.23,235.23
488,1,22,1,141.23,191.23,191.23
488,0,22,0,97.23,147.23,97.23
489,3,19.15,0,176.05,226.05,176.05
489,2,19.15,1,137.75,187.75,187.75
489,1,19.15,0,99.45,149.45,99.45
489,0,19.15,0,61.15,111.15,61.15
490,3,11.56,0,25,75,25
490,2,11.56,1,1.88,51.88,51.88
490,1,11.56,0,0,28.76,0
490,0,11.56,0,0,5.64,0
491,3,21.53,0,135.44,185.44,135.44
491,2,21.53,0,92.38,142.38,92.38
491,1,21.53,0,49.32,99.32,49.32
491,0,21.53,1,6.26,56.26,56.26
492,3,16.62,1,137.85,187.85,187.85
492,2,16.62,1,104.61,154.61,154.61
492,1,16.62,0,71.37,121.37,71.37
492,0,16.62,0,38.13,88.13,38.13
493,3,29.84,1,178.14,228.14,228.14
493,2,29.84,1,118.46,168.46,168.46
493,1,29.84,1,58.78,108.78,108.78
493,0,29.84,0,0,49.1,0
494,3,14.96,0,117.32,167.32,117.32
494,2,14.96,1,87.4,137.4,137.4
494,1,14.96,0,57.48,107.48,57.48
494,0,14.96,0,27.56,77.56,27.56
495,3,27.22,1,101.58,151.58,151.58
495,2,27.22,1,47.14,97.14,97.14
495,1,27.22,0,0,42.7,0
495,0,27.22,1,0,0,0
496,3,34.31,1,188.74,238.74,238.74
496,2,34.31,1,120.12,170.12,170.12
496,1,34.31,1,51.5,101.5,101.5
496,0,34.31,1,0,32.88,32.88
497,3,15.19,1,122.77,172.77,172.77
497,2,15.19,1,92.39,142.39,142.39
497,1,15.19,1,62.01,112.01,112.01
497,0,15.19,0,31.63,81.63,31.63
498,3,26.06,1,60.57,110.57,110.57
498,2,26.06,1,8.45,58.45,58.45
498,1,26.06,1,0,6.33,6.33
498,0,26.06,0,0,0,0
499,3,23.1,0,96.31,146.31,96.31
499,2,23.1,0,50.11,100.11,50.11
499,1,23.1,0,3.91,53.91,3.91
499,0,23.1,1,0,7.71,7.71
500,3,20.52,0,132.75,182.75,132.75
500,2,20.52,0,91.71,141.71,91.71
500,1,20.52,1,50.67,100.67,100.67
500,0,20.52,0,9.63,59.63,9.63
